policy_id,applicant_id,age,occupation,annual_income,sum_insured,coverage_type,credit_score,num_dependents,region,prior_claims_count,risk_tier,premium_adjustment
POL00001,APP00001,65,retired,1183045.98,1858209.2,third-party,450,3,West,3,high,1.2873
POL00002,APP00002,44,retired,4350189.26,190241.72,basic,677,2,East,4,medium,1.1496
POL00003,APP00003,50,homemaker,1808484.23,3377905.78,comprehensive,386,4,West,3,medium,1.2367
POL00004,APP00004,31,business-owner,4623963.89,1570491.98,third-party,547,2,Central,3,medium,1.1582
POL00005,APP00005,32,homemaker,1131884.27,2223192.76,third-party,468,1,North,1,medium,1.0387
POL00006,APP00006,56,business-owner,2853080.48,8733865.07,basic,846,2,North,0,low,0.8277
POL00007,APP00007,41,retired,2738681.66,6051886.37,basic,319,3,South,2,medium,1.1901
POL00008,APP00008,25,retired,4163801.5,1805753.65,basic,772,2,West,1,low,0.9177
POL00009,APP00009,62,student,797594.77,5588761.04,basic,454,4,Central,3,high,1.2074
POL00010,APP00010,39,professional,4560493.4,2595017.5,third-party,319,5,Central,4,high,1.3175
POL00011,APP00011,53,student,2713369.48,9763198.6,basic,663,2,East,3,medium,1.109
POL00012,APP00012,36,business-owner,2980213.79,375934.44,comprehensive,673,1,East,3,medium,1.0384
POL00013,APP00013,47,professional,2609611.51,7336568.3,third-party,378,2,East,0,low,1.0889
POL00014,APP00014,59,professional,295801.55,7741320.41,comprehensive,321,5,North,3,high,1.2251
POL00015,APP00015,64,retired,2545802.43,718269.5,basic,361,1,East,2,high,1.2009
POL00016,APP00016,28,retired,1406122.35,1760100.17,basic,525,5,East,0,low,0.9267
POL00017,APP00017,53,salaried,1792318.32,3873851.26,basic,372,2,South,1,medium,1.1278
POL00018,APP00018,66,student,3287615.8,8688140.52,basic,687,5,West,4,medium,1.1825
POL00019,APP00019,52,student,2548761.99,5393149.39,comprehensive,342,4,Central,5,high,1.3193
POL00020,APP00020,25,salaried,574904.88,6570303.16,basic,734,4,South,3,low,1.0379
POL00021,APP00021,28,homemaker,476441.42,7840977.71,third-party,781,5,Central,5,medium,1.0983
POL00022,APP00022,28,retired,1026009.55,8289821.74,basic,694,1,North,1,low,0.9303
POL00023,APP00023,23,salaried,1051519.52,4789031.2,basic,820,3,Central,1,low,1.0475
POL00024,APP00024,57,professional,3088507.69,5112491.73,third-party,817,0,West,5,medium,1.1136
POL00025,APP00025,69,student,987734.58,7194158.28,comprehensive,325,1,South,1,medium,1.2195
POL00026,APP00026,45,self-employed,4422790.79,2670256.47,third-party,488,0,West,3,medium,1.1606
POL00027,APP00027,49,homemaker,1143632.02,8552172.88,third-party,718,4,South,1,low,0.9723
POL00028,APP00028,59,business-owner,564721.45,256828.9,basic,487,3,West,1,low,1.0149
POL00029,APP00029,40,self-employed,4393640.56,1997927.44,third-party,706,4,North,2,low,0.9615
POL00030,APP00030,43,business-owner,1561198.57,8011989.43,third-party,726,1,South,2,low,0.9344
POL00031,APP00031,49,professional,2196062.43,3435569.21,third-party,849,1,South,5,medium,1.0859
POL00032,APP00032,34,retired,4800048.75,1540836.69,comprehensive,481,4,North,5,high,1.2792
POL00033,APP00033,21,homemaker,4728521.79,1908209.82,comprehensive,491,4,South,3,high,1.3134
POL00034,APP00034,48,self-employed,3608794.42,5331026.2,comprehensive,313,5,West,3,high,1.2249
POL00035,APP00035,61,homemaker,456422.08,8469506.22,third-party,457,0,West,0,medium,1.0213
POL00036,APP00036,21,professional,3015499.81,752974.62,third-party,454,2,East,1,medium,1.2108
POL00037,APP00037,29,salaried,4946700.32,353285.05,basic,549,0,North,0,low,1.0031
POL00038,APP00038,31,homemaker,4740951.19,4678422.95,basic,532,4,South,5,high,1.2213
POL00039,APP00039,60,business-owner,637292.16,9564064.78,comprehensive,771,0,Central,1,low,0.8646
POL00040,APP00040,44,retired,2052320.44,2826147.54,comprehensive,726,4,South,2,low,0.9533
POL00041,APP00041,46,retired,1659819.32,9593746.86,third-party,701,0,North,5,medium,1.1484
POL00042,APP00042,52,salaried,753073.16,8882427.71,basic,302,0,East,4,high,1.2781
POL00043,APP00043,32,self-employed,3510615.76,2867194.01,comprehensive,559,5,North,3,medium,1.1008
POL00044,APP00044,55,retired,1456380.02,8178633.24,comprehensive,702,2,South,0,low,0.8892
POL00045,APP00045,19,business-owner,1802945.12,6874379.66,comprehensive,434,2,Central,3,high,1.3043
POL00046,APP00046,24,salaried,560951.32,5142632.77,third-party,534,3,South,3,high,1.2585
POL00047,APP00047,61,salaried,2550081.69,4258015.62,basic,700,1,West,1,low,0.9564
POL00048,APP00048,52,student,891859.17,8164252.42,basic,737,4,East,4,medium,1.1233
POL00049,APP00049,27,self-employed,2228601.27,7941140.36,third-party,770,2,South,5,medium,1.1114
POL00050,APP00050,41,salaried,819510.04,7581516.54,comprehensive,536,1,West,1,low,0.9987
POL00051,APP00051,20,professional,4774787.46,9982646.71,third-party,520,2,East,1,medium,1.1226
POL00052,APP00052,53,salaried,827514.76,4811198.99,third-party,510,0,South,1,low,1.0425
POL00053,APP00053,58,retired,2666809.31,8078883.63,comprehensive,668,1,South,5,medium,1.209
POL00054,APP00054,32,professional,1081261.55,8631659.75,basic,531,3,Central,0,low,0.9165
POL00055,APP00055,36,retired,492645.6,2155445.69,basic,520,0,North,5,high,1.2125
POL00056,APP00056,30,professional,1107266.06,468561.1,comprehensive,392,0,Central,4,high,1.2218
POL00057,APP00057,38,student,387297.64,4077246.6,comprehensive,563,3,East,2,medium,1.0683
POL00058,APP00058,32,retired,800259.23,8574530.01,comprehensive,430,2,Central,3,medium,1.2239
POL00059,APP00059,31,business-owner,2528202.69,2926577.65,basic,589,0,South,5,medium,1.2066
POL00060,APP00060,40,salaried,3300859.74,7015101.03,third-party,789,4,East,4,medium,1.0394
POL00061,APP00061,63,self-employed,546218.3,123113.98,comprehensive,727,4,West,1,low,1.0152
POL00062,APP00062,58,salaried,2272170.88,3585876.1,comprehensive,563,0,South,0,low,0.9704
POL00063,APP00063,33,salaried,2956485.47,6174391.11,comprehensive,838,1,South,3,low,0.9488
POL00064,APP00064,67,self-employed,1263021.3,1341084.04,third-party,840,2,East,0,low,0.8412
POL00065,APP00065,29,self-employed,1935742.65,8971238.78,basic,544,4,West,0,low,0.9416
POL00066,APP00066,66,salaried,470554.16,1604926.07,comprehensive,720,0,South,5,medium,1.2437
POL00067,APP00067,34,business-owner,1194239.67,9102445.77,comprehensive,488,4,West,2,medium,1.1158
POL00068,APP00068,46,professional,2397754.28,2203073.62,third-party,784,1,West,3,low,1.0182
POL00069,APP00069,28,self-employed,4953357.83,9943072.81,basic,505,0,North,1,low,1.0646
POL00070,APP00070,58,self-employed,4981773.51,6067249.7,third-party,442,5,Central,0,low,0.9854
POL00071,APP00071,34,salaried,4900553.8,889231.7,comprehensive,373,0,North,0,low,1.0268
POL00072,APP00072,64,salaried,2184661.57,699508.48,comprehensive,764,0,West,2,low,0.98
POL00073,APP00073,22,self-employed,513720.25,795470.88,basic,463,5,East,0,medium,1.1739
POL00074,APP00074,44,professional,1699038.37,5919432.84,basic,748,3,West,2,low,0.9722
POL00075,APP00075,26,retired,1280046.15,8105313.06,basic,347,2,West,1,medium,1.0919
POL00076,APP00076,65,student,188937.69,4059479.28,third-party,575,4,West,3,medium,1.1349
POL00077,APP00077,40,retired,584740.02,4476115.8,basic,535,3,West,3,medium,1.1507
POL00078,APP00078,53,retired,2331576.64,5913412.65,third-party,541,3,Central,1,low,1.0382
POL00079,APP00079,64,homemaker,1777552.82,5353754.02,comprehensive,392,0,West,2,medium,1.2318
POL00080,APP00080,46,self-employed,1000126.16,6896214.24,third-party,340,3,Central,0,medium,1.03
POL00081,APP00081,21,student,3614567.86,4744267.92,basic,490,1,East,1,medium,1.2206
POL00082,APP00082,29,homemaker,1862724.11,7152913.82,third-party,559,4,South,5,high,1.2535
POL00083,APP00083,29,professional,4277115.14,9973241.89,basic,737,3,South,5,medium,1.1533
POL00084,APP00084,66,student,1295968.54,3535463.53,basic,554,0,West,2,medium,1.1478
POL00085,APP00085,66,salaried,2747360.23,171543.86,comprehensive,435,5,East,5,high,1.4017
POL00086,APP00086,43,homemaker,1018599.38,1299969.2,comprehensive,444,1,North,3,medium,1.2175
POL00087,APP00087,65,professional,2537067.01,5557466.14,comprehensive,637,1,South,0,low,0.988
POL00088,APP00088,31,self-employed,864036.56,3475364.98,basic,540,5,Central,5,high,1.2295
POL00089,APP00089,54,salaried,908503.69,9402826.81,basic,796,4,West,2,low,0.9259
POL00090,APP00090,38,student,3107650.08,6293088.6,comprehensive,542,5,West,3,medium,1.1567
POL00091,APP00091,30,professional,1407275.89,5227534.1,comprehensive,612,3,North,3,medium,1.1036
POL00092,APP00092,31,business-owner,961152.07,7990493.04,third-party,335,5,North,1,medium,1.0759
POL00093,APP00093,40,business-owner,4657269.06,2622969.22,third-party,406,0,South,4,high,1.2143
POL00094,APP00094,36,homemaker,329855.86,8206398.48,basic,768,3,Central,3,low,1.0498
POL00095,APP00095,29,business-owner,2877922.79,80457.99,basic,489,1,East,2,medium,1.1342
POL00096,APP00096,35,salaried,2795527.55,6215789.75,comprehensive,531,2,West,1,low,1.0636
POL00097,APP00097,24,self-employed,1342971.31,9350833.65,comprehensive,625,1,East,4,high,1.2713
POL00098,APP00098,69,self-employed,2329526.12,7889206.52,third-party,331,1,East,1,medium,1.2186
POL00099,APP00099,38,retired,548160.38,8543660.21,third-party,579,2,West,0,low,0.9708
POL00100,APP00100,23,student,3639798.31,3999699.22,basic,490,5,Central,5,high,1.3848
POL00101,APP00101,48,student,1201882.08,8251177.51,third-party,381,3,East,1,medium,1.0593
POL00102,APP00102,64,retired,1063720.56,5530775.07,third-party,530,2,East,3,medium,1.2506
POL00103,APP00103,37,student,1656606.97,6204475.35,comprehensive,546,2,Central,4,medium,1.1318
POL00104,APP00104,62,business-owner,4523565.21,636207.63,comprehensive,402,3,South,5,high,1.3878
POL00105,APP00105,50,retired,4006757.24,2055439.39,basic,599,1,Central,3,medium,1.1108
POL00106,APP00106,57,salaried,4740834.38,5532095.93,basic,711,3,East,4,medium,1.1129
POL00107,APP00107,33,professional,3301576.25,635070.53,comprehensive,447,4,Central,5,high,1.2607
POL00108,APP00108,19,professional,3355056.97,7427395.73,basic,832,1,East,5,high,1.2513
POL00109,APP00109,36,salaried,2462551.28,8408567.23,third-party,637,3,West,0,low,0.8801
POL00110,APP00110,66,professional,4537309.26,9207605.49,third-party,725,4,South,4,medium,1.1905
POL00111,APP00111,59,student,2613080.49,1062596.17,basic,338,3,West,1,medium,1.0886
POL00112,APP00112,59,business-owner,1852693.15,9400216.47,basic,722,1,South,5,medium,1.1648
POL00113,APP00113,64,professional,3245030.05,722819.08,comprehensive,485,3,West,0,medium,1.0842
POL00114,APP00114,37,business-owner,2785160.73,4766859.35,comprehensive,691,4,West,1,low,0.9058
POL00115,APP00115,35,self-employed,725216.7,8410497.66,basic,743,1,East,1,low,0.8843
POL00116,APP00116,67,salaried,2036500.02,749595.83,basic,437,3,East,3,high,1.2762
POL00117,APP00117,48,business-owner,1649028.01,231399.18,comprehensive,442,4,South,0,low,0.9663
POL00118,APP00118,33,student,4252548.82,298229.8,basic,332,1,West,0,medium,1.0328
POL00119,APP00119,32,homemaker,1968751.68,5137138.88,third-party,633,2,East,3,medium,1.074
POL00120,APP00120,64,retired,4129189.54,8125387.61,third-party,726,5,East,5,medium,1.2561
POL00121,APP00121,20,retired,2278861.22,1317895.38,comprehensive,525,2,North,3,high,1.2796
POL00122,APP00122,21,retired,3797082.75,1289872.03,basic,388,3,North,2,high,1.276
POL00123,APP00123,57,professional,780175.81,5707041.21,basic,474,0,North,3,medium,1.2073
POL00124,APP00124,18,business-owner,4632293.07,2381241.23,third-party,521,5,Central,3,high,1.2719
POL00125,APP00125,27,retired,2465132.27,7315626.66,basic,804,3,Central,2,low,0.9288
POL00126,APP00126,70,student,1387815.44,9498872.11,basic,368,4,North,3,high,1.2745
POL00127,APP00127,40,business-owner,1298469.28,7672032.4,basic,489,3,North,0,low,0.965
POL00128,APP00128,56,professional,1413577.17,8777894.9,basic,651,2,West,1,low,0.9399
POL00129,APP00129,43,professional,1909613.96,5219881.27,basic,430,2,East,4,high,1.2566
POL00130,APP00130,22,self-employed,3621495.32,8331577.08,basic,787,4,South,2,medium,1.0382
POL00131,APP00131,27,business-owner,4754062.85,1869886.68,basic,801,5,West,0,low,0.8431
POL00132,APP00132,58,salaried,3384902.66,730061.51,third-party,509,0,South,0,low,0.9437
POL00133,APP00133,23,professional,2790171.4,6576733.45,basic,711,5,North,5,high,1.2792
POL00134,APP00134,49,retired,2309157.3,566927.41,comprehensive,716,4,South,1,low,0.8889
POL00135,APP00135,36,retired,4161589.0,8930190.12,third-party,675,0,Central,0,low,0.8944
POL00136,APP00136,37,homemaker,4266327.15,6930963.76,third-party,402,0,West,4,high,1.275
POL00137,APP00137,68,salaried,1550023.85,9524397.22,basic,327,4,North,3,high,1.2897
POL00138,APP00138,50,student,4772690.81,3173172.23,comprehensive,491,5,East,2,medium,1.0611
POL00139,APP00139,50,student,2048162.97,4887275.18,third-party,372,2,Central,5,high,1.296
POL00140,APP00140,36,professional,4024380.98,7429819.13,comprehensive,461,3,Central,1,medium,1.0858
POL00141,APP00141,38,self-employed,4838081.01,2465650.91,basic,651,5,West,3,medium,1.0461
POL00142,APP00142,54,business-owner,3553851.53,5441395.76,basic,624,1,North,4,medium,1.1665
POL00143,APP00143,20,retired,908367.55,6611699.39,comprehensive,415,1,South,3,high,1.3126
POL00144,APP00144,30,homemaker,2980348.34,9789146.11,basic,309,5,South,1,medium,1.1003
POL00145,APP00145,49,retired,699632.36,7459797.78,third-party,424,1,North,4,high,1.2636
POL00146,APP00146,51,professional,3971013.15,1225401.96,basic,550,2,North,4,medium,1.1736
POL00147,APP00147,22,retired,1492818.05,4779567.84,basic,729,2,South,0,low,0.9547
POL00148,APP00148,59,salaried,3512648.34,5908269.29,comprehensive,501,3,East,0,low,1.0237
POL00149,APP00149,46,retired,4561237.61,1508900.27,comprehensive,457,1,South,4,high,1.1888
POL00150,APP00150,30,salaried,1003328.07,4348062.27,third-party,603,4,East,0,low,0.9111
POL00151,APP00151,57,homemaker,2037146.25,2875857.87,comprehensive,339,4,South,5,high,1.3286
POL00152,APP00152,70,homemaker,3277939.69,1232334.05,comprehensive,424,1,North,0,medium,1.0858
POL00153,APP00153,40,professional,2167933.93,5144817.24,basic,320,2,Central,5,high,1.3784
POL00154,APP00154,33,business-owner,973116.44,1698049.16,basic,589,0,East,4,medium,1.1075
POL00155,APP00155,33,student,261869.48,5925847.22,third-party,544,1,South,2,medium,1.111
POL00156,APP00156,49,retired,2104198.94,1738484.48,comprehensive,620,5,Central,1,low,0.9877
POL00157,APP00157,20,retired,3288140.05,7249769.49,comprehensive,640,3,Central,2,medium,1.204
POL00158,APP00158,43,professional,2921042.94,1992654.15,basic,517,3,Central,4,medium,1.2253
POL00159,APP00159,19,self-employed,882457.25,8968036.75,comprehensive,778,5,North,4,medium,1.2434
POL00160,APP00160,20,salaried,2319384.01,310783.1,comprehensive,805,4,West,1,low,1.029
POL00161,APP00161,40,self-employed,1923018.71,5243874.0,third-party,361,4,Central,3,medium,1.2027
POL00162,APP00162,57,professional,1458107.72,3235042.42,third-party,806,4,Central,5,medium,1.0967
POL00163,APP00163,64,business-owner,3678843.67,2289511.43,third-party,408,2,South,1,medium,1.1668
POL00164,APP00164,22,professional,1631101.91,4742447.65,third-party,436,3,Central,4,high,1.3675
POL00165,APP00165,30,self-employed,2755892.73,8428094.39,basic,591,1,East,1,low,1.011
POL00166,APP00166,40,homemaker,4625330.85,9157008.19,third-party,316,5,East,5,high,1.311
POL00167,APP00167,48,business-owner,2751666.79,3067323.75,basic,500,1,East,1,low,1.0672
POL00168,APP00168,70,student,3131071.8,1584724.04,third-party,407,5,West,1,medium,1.1219
POL00169,APP00169,54,business-owner,477440.41,7215397.45,third-party,565,5,North,2,medium,1.1015
POL00170,APP00170,46,professional,989294.62,5840887.32,third-party,748,0,East,2,low,0.9295
POL00171,APP00171,21,retired,612641.85,2050110.68,basic,809,4,Central,1,low,0.9798
POL00172,APP00172,22,self-employed,3852287.19,7614943.09,basic,416,5,East,3,high,1.3601
POL00173,APP00173,26,self-employed,4199294.87,5213357.83,comprehensive,600,3,South,0,low,0.9591
POL00174,APP00174,53,business-owner,1029901.83,6551282.24,basic,561,2,North,5,high,1.251
POL00175,APP00175,35,student,1190046.14,3625423.39,basic,528,5,East,0,low,1.01
POL00176,APP00176,30,self-employed,1697251.57,4419020.73,basic,648,3,West,2,low,0.9919
POL00177,APP00177,53,professional,3004458.77,1844403.88,comprehensive,845,0,East,5,medium,1.1152
POL00178,APP00178,61,retired,3154365.43,7577332.88,basic,523,1,Central,0,low,1.0217
POL00179,APP00179,41,retired,3471359.32,1612262.68,comprehensive,335,4,West,0,medium,1.0659
POL00180,APP00180,64,professional,4537340.65,7794110.82,comprehensive,804,2,East,4,medium,1.112
POL00181,APP00181,56,salaried,1559795.89,7990178.16,basic,813,1,North,0,low,0.8
POL00182,APP00182,55,salaried,3334743.87,7478679.59,comprehensive,477,4,East,5,high,1.2773
POL00183,APP00183,63,professional,2851447.49,243256.74,basic,576,0,North,2,medium,1.1462
POL00184,APP00184,27,student,1612485.73,2767675.47,third-party,775,1,West,5,medium,1.0856
POL00185,APP00185,58,salaried,4548186.11,4709960.54,comprehensive,577,2,North,1,low,1.0381
POL00186,APP00186,68,homemaker,585959.05,5975666.57,comprehensive,565,0,Central,0,low,1.0181
POL00187,APP00187,70,retired,3594565.01,9196259.89,basic,808,2,South,5,medium,1.1392
POL00188,APP00188,48,salaried,3672023.72,3787279.42,basic,756,5,East,4,medium,1.0864
POL00189,APP00189,57,business-owner,4586793.46,8756482.02,third-party,579,5,North,5,medium,1.1872
POL00190,APP00190,65,self-employed,2650673.29,1676121.42,basic,388,5,South,1,medium,1.1176
POL00191,APP00191,63,homemaker,1689517.01,3744240.85,comprehensive,541,1,Central,2,medium,1.1578
POL00192,APP00192,65,professional,4159374.47,570206.01,third-party,672,0,South,3,medium,1.0897
POL00193,APP00193,62,business-owner,3881554.18,7437768.45,comprehensive,450,4,East,2,medium,1.1463
POL00194,APP00194,38,self-employed,2561540.2,1548994.94,third-party,596,2,Central,1,low,1.0093
POL00195,APP00195,56,professional,3867143.99,2607349.16,comprehensive,663,4,West,2,low,0.9627
POL00196,APP00196,39,salaried,1427232.94,7763570.86,third-party,346,0,North,3,high,1.2556
POL00197,APP00197,60,self-employed,2996790.89,5370431.34,third-party,613,4,South,0,low,0.9503
POL00198,APP00198,60,self-employed,4342095.26,189028.56,third-party,706,3,South,2,low,0.9494
POL00199,APP00199,67,retired,1671764.38,72240.29,third-party,418,5,South,1,medium,1.1478
POL00200,APP00200,49,retired,2479723.91,5131073.29,third-party,602,0,South,0,low,0.8859
POL00201,APP00201,43,professional,4761098.89,3084307.36,third-party,690,2,East,0,low,0.8947
POL00202,APP00202,26,salaried,4015273.79,1844098.89,comprehensive,324,5,South,2,medium,1.1361
POL00203,APP00203,51,business-owner,4448750.42,6155259.68,comprehensive,654,2,South,0,low,0.9442
POL00204,APP00204,48,student,2000005.66,2322942.89,third-party,443,3,East,2,medium,1.09
POL00205,APP00205,45,self-employed,4982945.67,5942461.14,basic,518,0,South,3,medium,1.1553
POL00206,APP00206,53,self-employed,864520.15,3823696.21,basic,657,4,South,5,medium,1.1411
POL00207,APP00207,63,salaried,2651600.45,1908124.87,third-party,302,1,East,0,medium,1.1199
POL00208,APP00208,25,student,2458854.11,1424142.14,basic,309,3,Central,2,medium,1.1825
POL00209,APP00209,40,salaried,4016349.09,2406763.0,basic,546,5,East,0,low,0.9621
POL00210,APP00210,56,retired,4554054.73,346829.47,third-party,823,3,East,2,low,0.9756
POL00211,APP00211,61,homemaker,3687960.16,3115863.27,comprehensive,303,2,Central,2,high,1.2131
POL00212,APP00212,59,retired,3178863.23,9024449.17,third-party,734,1,West,4,medium,1.0331
POL00213,APP00213,60,business-owner,2205854.45,8322053.15,third-party,341,2,South,2,medium,1.1562
POL00214,APP00214,63,self-employed,2610390.48,3751437.38,comprehensive,569,5,South,5,high,1.2797
POL00215,APP00215,68,salaried,2605385.53,5779544.5,basic,537,1,East,0,low,1.0677
POL00216,APP00216,50,self-employed,219398.15,5695237.56,basic,557,3,East,0,low,0.9904
POL00217,APP00217,31,homemaker,2574863.53,8295938.51,comprehensive,345,2,North,0,medium,1.0951
POL00218,APP00218,47,self-employed,4297137.5,2401086.51,third-party,715,1,North,2,low,0.945
POL00219,APP00219,55,salaried,3581257.17,2999055.51,comprehensive,451,4,South,1,medium,1.0503
POL00220,APP00220,23,student,4003058.08,3052765.07,comprehensive,724,2,Central,0,low,1.0287
POL00221,APP00221,58,business-owner,2025566.75,456656.4,comprehensive,661,1,West,1,low,0.9335
POL00222,APP00222,46,business-owner,2701389.4,3181144.24,third-party,603,3,Central,5,medium,1.2221
POL00223,APP00223,67,student,283399.82,8785242.08,comprehensive,470,4,North,4,high,1.2612
POL00224,APP00224,29,professional,1989029.96,9124277.09,comprehensive,659,5,East,0,low,0.8796
POL00225,APP00225,66,homemaker,2435150.3,1140871.69,third-party,849,3,East,5,medium,1.1866
POL00226,APP00226,41,professional,1365419.43,4607682.49,third-party,808,3,East,1,low,0.8524
POL00227,APP00227,48,retired,272455.98,3844421.57,comprehensive,804,4,East,2,low,0.9819
POL00228,APP00228,52,homemaker,3489191.57,4919124.01,third-party,421,1,South,1,medium,1.055
POL00229,APP00229,48,professional,2243228.22,5569459.26,comprehensive,622,1,North,2,low,0.9804
POL00230,APP00230,65,self-employed,2148509.58,251574.66,basic,519,2,Central,4,high,1.238
POL00231,APP00231,26,homemaker,1339935.36,8430310.37,third-party,832,3,Central,4,low,1.0003
POL00232,APP00232,56,self-employed,2744612.35,9737957.53,basic,823,3,North,3,low,0.9824
POL00233,APP00233,69,salaried,2257570.69,6551377.88,comprehensive,778,0,East,3,medium,1.0359
POL00234,APP00234,29,retired,2433044.23,6621499.77,basic,389,4,East,4,high,1.2713
POL00235,APP00235,31,homemaker,2954652.18,5303399.59,third-party,475,2,West,1,medium,1.0844
POL00236,APP00236,43,salaried,150864.28,3376020.45,comprehensive,691,5,Central,2,low,0.9792
POL00237,APP00237,56,student,4549556.01,1532329.35,basic,713,4,East,0,low,0.8366
POL00238,APP00238,68,student,466906.5,5861430.26,comprehensive,493,5,West,4,high,1.2657
POL00239,APP00239,60,homemaker,2320512.77,497166.96,comprehensive,375,3,Central,2,medium,1.1824
POL00240,APP00240,60,business-owner,1131979.63,8253800.55,basic,375,3,Central,3,medium,1.219
POL00241,APP00241,41,self-employed,2676057.96,4238071.41,comprehensive,677,1,South,3,medium,1.0162
POL00242,APP00242,52,professional,1487522.93,4176804.53,third-party,550,2,Central,1,low,1.0124
POL00243,APP00243,29,salaried,4316831.71,3305350.04,comprehensive,570,5,East,0,low,0.9394
POL00244,APP00244,42,student,2054235.99,9695071.19,comprehensive,749,2,North,5,medium,1.1141
POL00245,APP00245,28,retired,3237127.11,1790423.68,comprehensive,309,0,West,1,medium,1.0924
POL00246,APP00246,19,professional,1334533.07,1555512.82,comprehensive,715,1,Central,0,low,1.0568
POL00247,APP00247,63,professional,214702.01,1697038.44,third-party,451,3,South,1,medium,1.0967
POL00248,APP00248,60,retired,2092274.13,6602348.45,third-party,813,3,East,5,medium,1.0681
POL00249,APP00249,45,professional,2738054.07,9919358.42,comprehensive,826,5,South,1,low,0.8328
POL00250,APP00250,18,student,2362590.1,2392977.95,third-party,576,5,North,5,high,1.3665
POL00251,APP00251,22,homemaker,4814630.1,9060893.1,comprehensive,474,3,Central,2,high,1.2378
POL00252,APP00252,23,homemaker,3569375.17,2822234.76,third-party,428,3,North,5,high,1.4098
POL00253,APP00253,56,retired,4978868.63,6496604.21,basic,399,4,East,3,medium,1.1905
POL00254,APP00254,28,student,1559893.24,452964.57,basic,850,0,North,0,low,0.8174
POL00255,APP00255,31,business-owner,3970580.0,4981757.05,basic,403,3,West,3,medium,1.1737
POL00256,APP00256,63,salaried,2831125.32,6562971.16,comprehensive,546,2,Central,2,medium,1.1783
POL00257,APP00257,64,business-owner,3105390.53,5386381.78,comprehensive,564,4,West,1,medium,1.0522
POL00258,APP00258,58,homemaker,4930963.62,2416462.08,basic,674,4,West,3,medium,1.0274
POL00259,APP00259,34,salaried,3311457.53,8293544.64,comprehensive,764,3,Central,0,low,0.8892
POL00260,APP00260,48,professional,4506226.43,9702858.29,basic,607,3,Central,4,medium,1.1788
POL00261,APP00261,28,self-employed,3661661.15,4619001.15,third-party,717,4,Central,4,medium,1.076
POL00262,APP00262,63,professional,741644.27,6377396.69,comprehensive,612,3,South,0,low,1.0253
POL00263,APP00263,22,self-employed,3533187.71,7914612.02,basic,540,1,East,2,medium,1.2117
POL00264,APP00264,57,student,2483460.07,2452816.15,third-party,386,1,Central,3,medium,1.1889
POL00265,APP00265,45,student,4603734.21,8651281.3,basic,415,4,South,0,low,1.0554
POL00266,APP00266,58,student,4057352.1,2837999.01,third-party,538,3,West,2,medium,1.0961
POL00267,APP00267,41,retired,628177.28,7769516.49,comprehensive,325,1,North,1,medium,1.1031
POL00268,APP00268,26,self-employed,773508.34,1165387.36,basic,474,5,Central,0,low,1.0021
POL00269,APP00269,57,professional,459701.69,2919447.7,comprehensive,554,5,West,4,medium,1.1616
POL00270,APP00270,51,salaried,2527034.99,5359518.34,third-party,560,3,West,2,medium,1.0097
POL00271,APP00271,42,business-owner,514166.18,5272974.85,third-party,748,1,Central,4,medium,1.1221
POL00272,APP00272,37,professional,3651550.28,8511790.29,basic,833,5,South,3,low,0.9816
POL00273,APP00273,36,retired,2815509.88,9961466.21,basic,702,1,East,5,medium,1.1652
POL00274,APP00274,43,salaried,4199118.89,1116747.92,third-party,343,2,Central,5,high,1.3481
POL00275,APP00275,31,student,1485403.45,2750311.92,basic,525,5,North,3,medium,1.1385
POL00276,APP00276,32,professional,2653407.03,3608102.19,comprehensive,702,3,Central,2,low,0.9664
POL00277,APP00277,32,homemaker,693300.87,4815238.16,comprehensive,627,1,South,2,low,1.0727
POL00278,APP00278,18,professional,4436896.81,4964401.94,basic,552,0,East,4,high,1.3279
POL00279,APP00279,67,professional,974024.22,8569140.88,third-party,540,2,East,2,medium,1.1569
POL00280,APP00280,30,retired,619527.79,7717065.06,third-party,523,4,West,3,medium,1.13
POL00281,APP00281,26,student,1120646.92,237573.21,comprehensive,619,4,Central,1,low,0.9524
POL00282,APP00282,26,self-employed,4054409.66,4577466.52,comprehensive,398,1,South,5,high,1.2665
POL00283,APP00283,70,professional,636374.9,6199834.69,basic,585,0,North,3,medium,1.1579
POL00284,APP00284,43,salaried,3118406.17,4630936.09,basic,413,4,East,1,medium,1.0461
POL00285,APP00285,35,professional,3761364.75,1349920.3,basic,675,0,West,3,medium,1.0733
POL00286,APP00286,39,student,3785276.06,4004867.13,third-party,776,0,West,2,low,0.9876
POL00287,APP00287,22,homemaker,1047497.13,4145974.17,third-party,579,2,West,0,medium,1.0582
POL00288,APP00288,34,self-employed,420725.11,1917773.43,comprehensive,513,3,South,5,high,1.2349
POL00289,APP00289,31,business-owner,2310175.15,7575255.79,comprehensive,818,1,Central,5,medium,1.1133
POL00290,APP00290,60,professional,1108128.48,3247936.77,third-party,663,1,North,5,medium,1.1401
POL00291,APP00291,21,business-owner,3532441.55,5910423.54,third-party,535,1,North,2,medium,1.2553
POL00292,APP00292,40,self-employed,1860660.86,5181515.3,comprehensive,315,2,North,1,medium,1.1147
POL00293,APP00293,59,business-owner,2312847.23,8780399.44,third-party,308,0,Central,0,medium,1.036
POL00294,APP00294,62,business-owner,673806.47,1264048.57,third-party,422,0,North,4,high,1.2794
POL00295,APP00295,45,professional,2889645.4,1186916.93,basic,430,2,West,1,medium,1.1131
POL00296,APP00296,29,homemaker,1025358.05,3038180.71,basic,697,0,Central,5,medium,1.1326
POL00297,APP00297,35,professional,3433450.03,4340588.93,third-party,575,1,West,5,high,1.2362
POL00298,APP00298,29,business-owner,467303.85,3020495.38,third-party,850,3,Central,0,low,0.8
POL00299,APP00299,53,retired,4882365.61,7643711.47,basic,597,0,North,5,medium,1.1782
POL00300,APP00300,33,student,3460491.66,2490395.14,basic,797,3,East,0,low,0.8649
