claim_id,policy_id,claimant_id,claim_amount,claim_date,policy_start_date,days_since_policy_start,claim_type,num_prior_claims,repair_shop_id,medical_provider_id,witness_ids,claim_severity,fraud_label
CLM00001,POL00027,CLT00046,368484.49,2024-05-22,2024-03-15,68,auto,4,RS017,,"WIT0008,WIT0090,WIT0161",high,1
CLM00002,POL00233,CLT00261,443258.24,2024-05-22,2023-03-14,435,property,5,RS007,,"WIT0051,WIT0131,WIT0038",high,0
CLM00003,POL00197,CLT00386,460568.07,2024-05-22,2023-01-06,502,auto,5,RS006,,,high,0
CLM00004,POL00132,CLT00347,252064.65,2024-05-22,2021-12-30,874,auto,4,RS001,,WIT0178,medium,0
CLM00005,POL00130,CLT00110,260377.42,2024-05-22,2024-01-02,141,auto,2,,,"WIT0098,WIT0057",medium,0
CLM00006,POL00258,CLT00182,400035.27,2024-05-22,2023-02-02,475,health,3,,MP013,,high,1
CLM00007,POL00026,CLT00213,157568.12,2024-05-22,2023-12-08,166,health,2,,MP013,WIT0031,low,0
CLM00008,POL00210,CLT00100,418772.49,2024-05-22,2022-01-10,863,health,3,,MP001,,high,1
CLM00009,POL00061,CLT00108,247323.75,2024-05-22,2022-06-30,692,auto,4,RS009,,"WIT0027,WIT0010",medium,0
CLM00010,POL00029,CLT00095,58370.43,2024-05-22,2022-11-25,544,auto,2,,,"WIT0058,WIT0091",low,0
CLM00011,POL00158,CLT00398,36493.54,2024-05-22,2023-03-19,430,property,3,,,,low,0
CLM00012,POL00293,CLT00299,421075.61,2024-05-22,2023-12-07,167,property,0,RS003,,,high,0
CLM00013,POL00221,CLT00337,28256.17,2024-05-22,2021-08-16,1010,property,4,RS003,,WIT0139,low,1
CLM00014,POL00229,CLT00327,140665.41,2024-05-22,2022-06-13,709,auto,2,RS007,,WIT0109,low,1
CLM00015,POL00216,CLT00384,167397.96,2024-05-22,2023-06-08,349,property,2,,,"WIT0054,WIT0056",medium,0
CLM00016,POL00236,CLT00043,86910.73,2024-05-22,2023-02-24,453,property,3,RS004,,WIT0007,low,0
CLM00017,POL00154,CLT00353,157289.74,2024-05-22,2022-03-19,795,health,1,,MP014,"WIT0123,WIT0062",low,0
CLM00018,POL00039,CLT00027,371474.94,2024-05-22,2022-03-26,788,auto,3,RS017,,WIT0066,high,1
CLM00019,POL00252,CLT00191,7834.08,2024-05-22,2023-01-03,505,property,4,,,"WIT0152,WIT0022",low,0
CLM00020,POL00136,CLT00238,413673.13,2024-05-22,2023-06-26,331,health,2,,MP013,WIT0003,high,0
CLM00021,POL00151,CLT00144,428345.74,2024-05-22,2022-05-30,723,auto,0,RS009,,WIT0050,high,0
CLM00022,POL00112,CLT00059,186444.66,2024-05-22,2022-06-01,721,auto,2,,,WIT0092,medium,0
CLM00023,POL00055,CLT00077,77229.64,2024-05-22,2022-08-04,657,health,1,,MP003,WIT0079,low,0
CLM00024,POL00279,CLT00330,300619.78,2024-05-22,2024-03-04,79,auto,2,RS008,,"WIT0163,WIT0002,WIT0076",medium,1
CLM00025,POL00235,CLT00128,60276.44,2024-05-22,2022-12-21,518,auto,3,RS006,,"WIT0107,WIT0042,WIT0119",low,0
CLM00026,POL00194,CLT00125,182777.22,2024-05-22,2022-07-20,672,health,0,,MP002,,medium,0
CLM00027,POL00121,CLT00370,479235.38,2024-05-22,2021-07-16,1041,property,4,RS002,,,high,0
CLM00028,POL00247,CLT00058,497734.5,2024-05-22,2022-10-24,576,auto,1,RS005,,"WIT0104,WIT0152",high,0
CLM00029,POL00164,CLT00367,386166.39,2024-05-22,2023-05-13,375,health,5,,MP002,WIT0171,high,0
CLM00030,POL00134,CLT00369,155825.27,2024-05-22,2022-09-21,609,property,4,RS008,,WIT0148,low,0
CLM00031,POL00136,CLT00240,343988.69,2024-05-22,2023-11-10,194,property,1,RS002,,,high,1
CLM00032,POL00069,CLT00067,352850.48,2024-05-22,2024-02-13,99,property,3,RS002,,,high,0
CLM00033,POL00028,CLT00063,194226.93,2024-05-22,2022-05-10,743,auto,0,,,"WIT0167,WIT0189,WIT0065",medium,0
CLM00034,POL00167,CLT00114,320623.87,2024-05-22,2021-06-07,1080,property,0,RS002,,,medium,1
CLM00035,POL00267,CLT00231,5858.46,2024-05-22,2021-11-07,927,property,5,RS002,,"WIT0121,WIT0050,WIT0153",low,0
CLM00036,POL00020,CLT00062,104924.3,2024-05-22,2022-08-22,639,auto,4,RS001,,"WIT0057,WIT0154,WIT0158",low,0
CLM00037,POL00258,CLT00183,262781.61,2024-05-22,2024-04-08,44,health,0,,MP002,"WIT0127,WIT0054",medium,1
CLM00038,POL00249,CLT00047,82293.78,2024-05-22,2021-06-05,1082,health,1,,MP008,"WIT0197,WIT0197,WIT0148",low,1
CLM00039,POL00084,CLT00217,83370.48,2024-05-22,2023-01-16,492,health,1,,MP013,,low,0
CLM00040,POL00190,CLT00009,418233.99,2024-05-22,2023-07-10,317,auto,2,RS019,,WIT0089,high,0
CLM00041,POL00050,CLT00284,494571.93,2024-05-22,2021-09-17,978,property,1,,,"WIT0110,WIT0108,WIT0030",high,0
CLM00042,POL00228,CLT00023,278206.73,2024-05-22,2022-02-24,818,property,1,RS002,,"WIT0068,WIT0019,WIT0198",medium,0
CLM00043,POL00211,CLT00078,419615.33,2024-05-22,2022-02-21,821,health,3,,MP012,,high,1
CLM00044,POL00107,CLT00070,495165.67,2024-05-22,2023-07-23,304,property,1,RS001,,,high,0
CLM00045,POL00021,CLT00333,71227.15,2024-05-22,2021-05-31,1087,health,5,,MP010,,low,0
CLM00046,POL00292,CLT00022,224398.68,2024-05-22,2023-01-12,496,property,4,RS009,,WIT0021,medium,0
CLM00047,POL00134,CLT00172,196590.07,2024-05-22,2022-10-18,582,health,4,,MP014,"WIT0103,WIT0065,WIT0001",medium,1
CLM00048,POL00268,CLT00237,40484.62,2024-05-22,2022-02-19,823,health,1,,MP005,WIT0031,low,0
CLM00049,POL00204,CLT00207,377787.42,2024-05-22,2022-05-30,723,auto,4,RS016,,"WIT0059,WIT0095,WIT0004",high,1
CLM00050,POL00234,CLT00273,217172.62,2024-05-22,2023-11-16,188,health,5,,MP007,,medium,0
CLM00051,POL00228,CLT00322,234928.8,2024-05-22,2023-06-26,331,auto,1,RS014,,,medium,0
CLM00052,POL00059,CLT00158,75761.15,2024-05-22,2023-04-23,395,auto,4,,,,low,0
CLM00053,POL00110,CLT00332,90872.86,2024-05-22,2021-07-19,1038,auto,2,RS018,,"WIT0190,WIT0198",low,0
CLM00054,POL00141,CLT00128,453598.26,2024-05-22,2022-03-31,783,property,4,RS009,,WIT0158,high,0
CLM00055,POL00150,CLT00394,22802.22,2024-05-22,2023-04-17,401,auto,2,RS012,,"WIT0010,WIT0019",low,0
CLM00056,POL00014,CLT00202,116809.72,2024-05-22,2022-03-09,805,property,4,,,"WIT0085,WIT0002",low,1
CLM00057,POL00164,CLT00295,146383.64,2024-05-22,2022-03-05,809,property,0,RS007,,"WIT0147,WIT0101,WIT0198",low,0
CLM00058,POL00047,CLT00351,245353.67,2024-05-22,2023-03-17,432,auto,2,RS005,,"WIT0195,WIT0052,WIT0177",medium,0
CLM00059,POL00224,CLT00318,293429.36,2024-05-22,2023-03-08,441,health,1,,MP008,"WIT0146,WIT0172",medium,1
CLM00060,POL00205,CLT00341,246898.34,2024-05-22,2021-09-15,980,health,1,,MP002,,medium,0
CLM00061,POL00277,CLT00215,42515.61,2024-05-22,2022-09-15,615,health,1,,MP003,WIT0026,low,0
CLM00062,POL00224,CLT00018,122211.89,2024-05-22,2023-12-11,163,property,2,RS009,,WIT0083,low,0
CLM00063,POL00110,CLT00198,421872.4,2024-05-22,2022-03-26,788,health,0,,MP012,"WIT0173,WIT0078,WIT0066",high,0
CLM00064,POL00291,CLT00073,318975.56,2024-05-22,2022-08-15,646,health,4,,MP012,"WIT0183,WIT0196",medium,1
CLM00065,POL00124,CLT00356,324749.95,2024-05-22,2022-11-12,557,health,3,,MP004,,medium,1
CLM00066,POL00098,CLT00095,335266.53,2024-05-22,2022-03-20,794,property,4,RS009,,,medium,1
CLM00067,POL00272,CLT00092,381570.06,2024-05-22,2021-09-01,994,health,4,,MP003,"WIT0061,WIT0040",high,0
CLM00068,POL00112,CLT00100,29525.19,2024-05-22,2023-05-26,362,health,0,,MP012,,low,0
CLM00069,POL00023,CLT00258,183620.89,2024-05-22,2023-02-18,459,property,0,RS005,,WIT0079,medium,0
CLM00070,POL00141,CLT00229,269993.95,2024-05-22,2023-10-28,207,property,2,,,"WIT0041,WIT0143",medium,0
CLM00071,POL00239,CLT00380,169559.01,2024-05-22,2022-06-13,709,property,2,,,"WIT0093,WIT0037",medium,0
CLM00072,POL00057,CLT00167,422317.2,2024-05-22,2023-03-08,441,property,1,,,"WIT0135,WIT0075",high,1
CLM00073,POL00139,CLT00113,241544.97,2024-05-22,2023-05-13,375,health,4,,MP005,WIT0102,medium,0
CLM00074,POL00039,CLT00020,384429.48,2024-05-22,2022-04-20,763,property,3,,,WIT0081,high,0
CLM00075,POL00206,CLT00003,426081.75,2024-05-22,2023-03-02,447,auto,4,RS018,,WIT0061,high,0
CLM00076,POL00143,CLT00150,252643.35,2024-05-22,2022-12-31,508,auto,0,RS017,,"WIT0093,WIT0094",medium,0
CLM00077,POL00100,CLT00371,454821.35,2024-05-22,2023-01-26,482,health,4,,MP013,"WIT0073,WIT0021",high,0
CLM00078,POL00069,CLT00210,293768.41,2024-05-22,2023-08-13,283,property,1,,,"WIT0012,WIT0115,WIT0054",medium,0
CLM00079,POL00170,CLT00358,425212.01,2024-05-22,2024-01-06,137,health,2,,MP002,,high,0
CLM00080,POL00201,CLT00041,170625.1,2024-05-22,2021-11-28,906,health,2,,MP014,,medium,0
CLM00081,POL00283,CLT00038,249659.07,2024-05-22,2024-02-12,100,health,4,,MP012,"WIT0086,WIT0069,WIT0149",medium,0
CLM00082,POL00132,CLT00334,265939.81,2024-05-22,2023-06-01,356,auto,1,RS006,,,medium,0
CLM00083,POL00049,CLT00043,52937.37,2024-05-22,2022-05-22,731,health,1,,MP005,"WIT0099,WIT0111",low,0
CLM00084,POL00250,CLT00021,199576.98,2024-05-22,2023-12-31,143,health,2,,MP012,,medium,0
CLM00085,POL00189,CLT00162,458710.17,2024-05-22,2022-06-04,718,health,2,,MP004,"WIT0048,WIT0136,WIT0150",high,0
CLM00086,POL00211,CLT00370,315600.7,2024-05-22,2022-03-11,803,health,1,,MP007,WIT0027,medium,0
CLM00087,POL00030,CLT00276,89164.54,2024-05-22,2022-05-27,726,auto,1,RS018,,WIT0162,low,1
CLM00088,POL00094,CLT00040,169758.39,2024-05-22,2023-06-23,334,property,1,,,"WIT0188,WIT0046,WIT0122",medium,0
CLM00089,POL00231,CLT00335,96205.7,2024-05-22,2024-05-01,21,health,2,,MP014,,low,1
CLM00090,POL00250,CLT00338,12899.15,2024-05-22,2021-09-23,972,auto,2,RS003,,"WIT0084,WIT0143",low,0
CLM00091,POL00131,CLT00321,463766.5,2024-05-22,2023-05-31,357,health,2,,MP005,"WIT0199,WIT0098",high,0
CLM00092,POL00242,CLT00362,224379.56,2024-05-22,2021-12-22,882,health,4,,MP015,WIT0106,medium,0
CLM00093,POL00253,CLT00096,154113.77,2024-05-22,2023-10-19,216,auto,1,RS015,,,low,0
CLM00094,POL00117,CLT00392,299439.36,2024-05-22,2023-11-26,178,auto,5,RS007,,,medium,0
CLM00095,POL00270,CLT00129,4153.57,2024-05-22,2022-01-21,852,auto,4,RS008,,"WIT0166,WIT0107",low,1
CLM00096,POL00087,CLT00321,139372.04,2024-05-22,2021-07-28,1029,health,1,,MP006,"WIT0036,WIT0090,WIT0123",low,0
CLM00097,POL00072,CLT00232,351665.22,2024-05-22,2021-10-22,943,property,1,,,WIT0003,high,0
CLM00098,POL00205,CLT00312,317068.0,2024-05-22,2022-02-19,823,property,1,RS006,,,medium,1
CLM00099,POL00192,CLT00252,490912.07,2024-05-22,2023-08-26,270,health,1,,MP010,"WIT0122,WIT0053,WIT0052",high,0
CLM00100,POL00042,CLT00257,310368.68,2024-05-22,2021-08-26,1000,property,2,RS009,,,medium,0
CLM00101,POL00250,CLT00247,239014.18,2024-05-22,2022-05-22,731,auto,0,RS016,,"WIT0022,WIT0152,WIT0049",medium,0
CLM00102,POL00060,CLT00312,380835.57,2024-05-22,2023-11-16,188,property,0,RS004,,WIT0055,high,0
CLM00103,POL00242,CLT00296,451712.27,2024-05-22,2024-01-02,141,health,2,,MP010,"WIT0007,WIT0071,WIT0056",high,0
CLM00104,POL00003,CLT00054,360487.63,2024-05-22,2021-10-11,954,property,4,,,WIT0039,high,0
CLM00105,POL00240,CLT00331,481624.01,2024-05-22,2023-07-26,301,property,1,RS003,,"WIT0076,WIT0084,WIT0078",high,0
CLM00106,POL00237,CLT00215,391111.58,2024-05-22,2022-02-03,839,health,5,,MP005,"WIT0068,WIT0069,WIT0066",high,0
CLM00107,POL00235,CLT00130,433467.32,2024-05-22,2023-12-23,151,auto,2,RS018,,WIT0018,high,0
CLM00108,POL00200,CLT00206,57494.98,2024-05-22,2023-07-20,307,health,5,,MP010,"WIT0006,WIT0046",low,0
CLM00109,POL00142,CLT00387,366340.54,2024-05-22,2023-07-17,310,property,1,,,,high,0
CLM00110,POL00212,CLT00344,220324.31,2024-05-22,2023-07-19,308,property,3,,,WIT0152,medium,0
CLM00111,POL00084,CLT00334,276775.35,2024-05-22,2022-05-14,739,property,4,,,"WIT0199,WIT0071",medium,0
CLM00112,POL00235,CLT00186,327224.15,2024-05-22,2021-08-24,1002,auto,0,RS016,,"WIT0009,WIT0101,WIT0160",medium,0
CLM00113,POL00167,CLT00314,484922.65,2024-05-22,2021-08-29,997,health,5,,MP002,"WIT0187,WIT0063",high,0
CLM00114,POL00138,CLT00155,492296.75,2024-05-22,2022-03-02,812,auto,2,RS019,,,high,1
CLM00115,POL00152,CLT00275,144470.01,2024-05-22,2023-10-14,221,property,2,RS009,,"WIT0014,WIT0153,WIT0147",low,0
CLM00116,POL00171,CLT00256,367009.87,2024-05-22,2021-07-05,1052,property,3,RS002,,"WIT0096,WIT0180,WIT0034",high,1
CLM00117,POL00012,CLT00100,375116.78,2024-05-22,2022-10-06,594,auto,3,RS011,,WIT0025,high,0
CLM00118,POL00042,CLT00107,173573.18,2024-05-22,2022-10-02,598,health,0,,MP007,"WIT0143,WIT0162,WIT0153",medium,0
CLM00119,POL00074,CLT00025,62372.95,2024-05-22,2022-04-15,768,property,5,RS002,,WIT0014,low,0
CLM00120,POL00035,CLT00056,20953.01,2024-05-22,2022-01-31,842,property,3,,,"WIT0099,WIT0019,WIT0186",low,0
CLM00121,POL00132,CLT00174,388782.89,2024-05-22,2021-07-13,1044,health,5,,MP004,"WIT0090,WIT0155,WIT0008",high,0
CLM00122,POL00201,CLT00192,245105.02,2024-05-22,2022-08-23,638,auto,2,RS009,,,medium,0
CLM00123,POL00197,CLT00067,492777.31,2024-05-22,2022-07-24,668,property,3,RS009,,WIT0132,high,0
CLM00124,POL00142,CLT00167,232754.24,2024-05-22,2022-02-25,817,property,2,,,,medium,0
CLM00125,POL00257,CLT00242,488969.53,2024-05-22,2023-08-17,279,health,5,,MP012,,high,1
CLM00126,POL00170,CLT00094,206082.21,2024-05-22,2023-06-20,337,property,4,,,"WIT0155,WIT0148",medium,0
CLM00127,POL00024,CLT00136,396944.23,2024-05-22,2022-07-07,685,auto,5,RS006,,"WIT0161,WIT0121,WIT0104",high,0
CLM00128,POL00230,CLT00148,42867.23,2024-05-22,2024-03-13,70,health,3,,MP013,"WIT0070,WIT0020,WIT0151",low,0
CLM00129,POL00173,CLT00203,277953.12,2024-05-22,2023-06-06,351,auto,4,,,WIT0196,medium,0
CLM00130,POL00191,CLT00147,401128.86,2024-05-22,2022-03-28,786,property,2,RS010,,WIT0171,high,0
CLM00131,POL00170,CLT00295,462388.48,2024-05-22,2021-06-18,1069,property,2,,,,high,0
CLM00132,POL00167,CLT00131,411380.25,2024-05-22,2022-10-31,569,property,4,RS001,,"WIT0090,WIT0093",high,0
CLM00133,POL00028,CLT00174,18966.88,2024-05-22,2023-03-11,438,health,0,,MP012,WIT0195,low,0
CLM00134,POL00168,CLT00152,186664.82,2024-05-22,2023-01-26,482,auto,4,,,WIT0171,medium,0
CLM00135,POL00239,CLT00074,24824.89,2024-05-22,2022-05-02,751,auto,0,RS012,,WIT0010,low,1
CLM00136,POL00092,CLT00275,55086.5,2024-05-22,2022-10-04,596,health,3,,MP009,"WIT0038,WIT0055,WIT0173",low,0
CLM00137,POL00181,CLT00095,337815.16,2024-05-22,2024-04-27,25,property,2,RS010,,"WIT0184,WIT0086,WIT0152",high,1
CLM00138,POL00010,CLT00119,356772.47,2024-05-22,2022-10-09,591,auto,2,RS003,,WIT0149,high,0
CLM00139,POL00105,CLT00318,386973.48,2024-05-22,2023-03-11,438,property,2,,,"WIT0011,WIT0084",high,0
CLM00140,POL00132,CLT00380,432795.55,2024-05-22,2022-04-15,768,auto,2,RS019,,WIT0052,high,1
CLM00141,POL00295,CLT00269,369846.02,2024-05-22,2021-10-06,959,health,2,,MP014,WIT0101,high,1
CLM00142,POL00065,CLT00367,400535.36,2024-05-22,2021-07-03,1054,auto,2,,,,high,0
CLM00143,POL00083,CLT00342,24957.37,2024-05-22,2022-07-24,668,health,3,,MP008,,low,1
CLM00144,POL00123,CLT00193,117650.31,2024-05-22,2023-04-21,397,health,4,,MP015,"WIT0071,WIT0122,WIT0114",low,0
CLM00145,POL00298,CLT00309,311137.94,2024-05-22,2023-01-22,486,auto,3,RS014,,"WIT0083,WIT0097",medium,0
CLM00146,POL00257,CLT00132,429133.59,2024-05-22,2023-11-11,193,health,3,,MP010,"WIT0194,WIT0052,WIT0134",high,1
CLM00147,POL00011,CLT00185,2747.81,2024-05-22,2021-08-01,1025,property,5,,,"WIT0002,WIT0157,WIT0100",low,0
CLM00148,POL00071,CLT00215,257557.36,2024-05-22,2021-11-06,928,property,5,,,"WIT0116,WIT0168,WIT0034",medium,0
CLM00149,POL00247,CLT00385,338805.06,2024-05-22,2021-10-30,935,auto,0,RS019,,,high,0
CLM00150,POL00018,CLT00340,15288.84,2024-05-22,2023-05-29,359,property,4,RS003,,"WIT0106,WIT0112,WIT0034",low,1
CLM00151,POL00257,CLT00196,200977.1,2024-05-22,2023-06-04,353,property,1,RS002,,,medium,0
CLM00152,POL00085,CLT00262,447869.62,2024-05-22,2021-10-27,938,property,1,RS009,,"WIT0061,WIT0117,WIT0064",high,0
CLM00153,POL00276,CLT00081,335970.6,2024-05-22,2022-10-04,596,health,4,,MP008,WIT0034,high,0
CLM00154,POL00089,CLT00322,119210.35,2024-05-22,2022-04-11,772,property,0,,,"WIT0189,WIT0024,WIT0071",low,0
CLM00155,POL00131,CLT00222,426464.17,2024-05-22,2022-12-03,536,health,5,,MP008,"WIT0077,WIT0145",high,0
CLM00156,POL00199,CLT00214,174341.7,2024-05-22,2023-01-23,485,auto,4,RS013,,WIT0012,medium,0
CLM00157,POL00038,CLT00307,426745.66,2024-05-22,2022-06-30,692,auto,5,,,WIT0120,high,0
CLM00158,POL00168,CLT00254,149822.35,2024-05-22,2021-12-13,891,property,4,RS007,,,low,0
CLM00159,POL00152,CLT00029,295364.97,2024-05-22,2023-05-22,366,auto,5,RS013,,"WIT0003,WIT0014,WIT0102",medium,0
CLM00160,POL00236,CLT00116,198771.56,2024-05-22,2021-12-18,886,health,0,,MP009,"WIT0059,WIT0052",medium,0
CLM00161,POL00299,CLT00071,137775.11,2024-05-22,2023-08-29,267,property,5,RS010,,,low,0
CLM00162,POL00200,CLT00294,443335.5,2024-05-22,2023-03-08,441,auto,0,,,"WIT0076,WIT0024",high,1
CLM00163,POL00123,CLT00015,94203.04,2024-05-22,2021-08-26,1000,health,1,,MP015,WIT0188,low,0
CLM00164,POL00122,CLT00081,42863.39,2024-05-22,2021-07-11,1046,auto,0,RS013,,WIT0179,low,0
CLM00165,POL00126,CLT00239,171292.51,2024-05-22,2021-08-14,1012,health,2,,MP007,WIT0038,medium,0
CLM00166,POL00245,CLT00278,358960.75,2024-05-22,2023-06-11,346,auto,4,RS015,,WIT0065,high,0
CLM00167,POL00097,CLT00202,403812.09,2024-05-22,2021-11-10,924,property,1,RS004,,,high,0
CLM00168,POL00051,CLT00345,499372.31,2024-05-22,2021-08-01,1025,auto,4,RS011,,"WIT0067,WIT0144",high,0
CLM00169,POL00101,CLT00368,148532.85,2024-05-22,2021-06-15,1072,property,3,RS005,,WIT0089,low,1
CLM00170,POL00007,CLT00053,204267.0,2024-05-22,2024-04-30,22,property,3,RS003,,WIT0032,medium,0
CLM00171,POL00032,CLT00382,68842.23,2024-05-22,2022-02-26,816,property,5,RS002,,"WIT0021,WIT0145",low,0
CLM00172,POL00028,CLT00246,287648.53,2024-05-22,2021-05-26,1092,property,2,,,"WIT0153,WIT0092,WIT0063",medium,0
CLM00173,POL00232,CLT00255,498791.23,2024-05-22,2022-02-04,838,auto,2,RS001,,"WIT0052,WIT0097,WIT0155",high,0
CLM00174,POL00217,CLT00039,350590.06,2024-05-22,2023-09-10,255,property,5,,,"WIT0185,WIT0018,WIT0180",high,0
CLM00175,POL00210,CLT00249,297808.81,2024-05-22,2022-02-07,835,health,3,,MP007,,medium,0
CLM00176,POL00139,CLT00291,196488.36,2024-05-22,2024-01-28,115,property,3,RS008,,"WIT0186,WIT0131",medium,0
CLM00177,POL00216,CLT00233,457691.73,2024-05-22,2022-12-13,526,property,1,,,"WIT0069,WIT0063,WIT0066",high,0
CLM00178,POL00049,CLT00034,248709.84,2024-05-22,2022-07-06,686,health,1,,MP009,WIT0137,medium,0
CLM00179,POL00271,CLT00210,67616.27,2024-05-22,2023-01-08,500,health,1,,MP012,WIT0148,low,0
CLM00180,POL00151,CLT00375,183006.54,2024-05-22,2022-04-16,767,auto,1,RS018,,WIT0062,medium,1
CLM00181,POL00282,CLT00290,34049.75,2024-05-22,2023-09-02,263,auto,1,RS001,,,low,0
CLM00182,POL00046,CLT00055,101388.53,2024-05-22,2022-07-28,664,health,4,,MP004,"WIT0180,WIT0172",low,0
CLM00183,POL00150,CLT00384,9325.56,2024-05-22,2022-06-16,706,property,0,,,WIT0096,low,0
CLM00184,POL00209,CLT00384,226913.32,2024-05-22,2022-06-28,694,health,3,,MP015,"WIT0123,WIT0014",medium,0
CLM00185,POL00149,CLT00068,317452.86,2024-05-22,2023-07-10,317,health,5,,MP003,"WIT0008,WIT0024",medium,0
CLM00186,POL00134,CLT00321,171974.58,2024-05-22,2023-06-23,334,auto,4,RS003,,"WIT0021,WIT0068",medium,1
CLM00187,POL00050,CLT00163,210480.69,2024-05-22,2023-08-14,282,health,2,,MP015,"WIT0132,WIT0090",medium,1
CLM00188,POL00115,CLT00238,479625.03,2024-05-22,2023-01-02,506,health,0,,MP015,,high,1
CLM00189,POL00072,CLT00179,376105.58,2024-05-22,2022-08-19,642,property,5,RS004,,"WIT0190,WIT0178,WIT0150",high,0
CLM00190,POL00091,CLT00314,270657.89,2024-05-22,2023-04-21,397,property,0,RS009,,WIT0176,medium,1
CLM00191,POL00206,CLT00399,142628.17,2024-05-22,2023-02-28,449,health,4,,MP010,WIT0028,low,0
CLM00192,POL00190,CLT00319,448549.9,2024-05-22,2023-07-14,313,property,4,RS004,,"WIT0065,WIT0188,WIT0074",high,0
CLM00193,POL00183,CLT00373,117931.01,2024-05-22,2023-09-26,239,health,1,,MP005,"WIT0108,WIT0094,WIT0060",low,0
CLM00194,POL00109,CLT00379,163008.69,2024-05-22,2022-06-02,720,property,4,RS008,,"WIT0013,WIT0094,WIT0074",medium,0
CLM00195,POL00288,CLT00037,454577.87,2024-05-22,2021-12-10,894,health,1,,MP010,"WIT0051,WIT0133",high,0
CLM00196,POL00027,CLT00102,265006.26,2024-05-22,2023-07-09,318,auto,1,RS008,,WIT0038,medium,1
CLM00197,POL00103,CLT00289,371287.82,2024-05-22,2021-10-22,943,health,4,,MP007,,high,0
CLM00198,POL00036,CLT00237,295577.02,2024-05-22,2022-09-05,625,auto,5,RS008,,"WIT0053,WIT0062",medium,1
CLM00199,POL00102,CLT00021,326892.88,2024-05-22,2023-11-21,183,auto,1,RS019,,"WIT0066,WIT0078",medium,1
CLM00200,POL00289,CLT00039,150041.95,2024-05-22,2023-04-17,401,property,5,RS004,,,low,0
CLM00201,POL00110,CLT00209,121065.34,2024-05-22,2024-05-14,8,property,5,RS005,,WIT0139,low,1
CLM00202,POL00273,CLT00247,161584.93,2024-05-22,2024-04-10,42,auto,4,RS007,,"WIT0200,WIT0155",medium,0
CLM00203,POL00149,CLT00068,78143.06,2024-05-22,2023-05-20,368,property,0,,,,low,0
CLM00204,POL00210,CLT00069,437220.03,2024-05-22,2023-01-10,498,auto,1,,,WIT0058,high,0
CLM00205,POL00138,CLT00052,141981.84,2024-05-22,2021-12-30,874,auto,4,RS013,,"WIT0054,WIT0194",low,0
CLM00206,POL00080,CLT00226,280963.95,2024-05-22,2023-12-27,147,property,5,RS004,,WIT0105,medium,0
CLM00207,POL00230,CLT00004,396091.23,2024-05-22,2021-11-15,919,auto,4,RS019,,,high,0
CLM00208,POL00291,CLT00229,392020.14,2024-05-22,2023-09-08,257,property,2,RS010,,"WIT0183,WIT0159,WIT0071",high,0
CLM00209,POL00080,CLT00191,219473.94,2024-05-22,2023-12-23,151,property,1,,,,medium,0
CLM00210,POL00234,CLT00187,238390.53,2024-05-22,2022-04-16,767,auto,5,RS009,,"WIT0086,WIT0199",medium,0
CLM00211,POL00079,CLT00272,497353.52,2024-05-22,2022-01-25,848,auto,1,,,"WIT0108,WIT0198",high,0
CLM00212,POL00216,CLT00210,337461.44,2024-05-22,2022-07-30,662,property,2,,,"WIT0092,WIT0004,WIT0019",high,0
CLM00213,POL00237,CLT00292,407411.9,2024-05-22,2024-01-17,126,health,5,,MP004,WIT0113,high,1
CLM00214,POL00135,CLT00306,451325.71,2024-05-22,2024-01-17,126,health,3,,MP011,,high,0
CLM00215,POL00222,CLT00369,393901.12,2024-05-22,2023-03-22,427,health,1,,MP005,,high,0
CLM00216,POL00082,CLT00320,92997.08,2024-05-22,2023-01-15,493,health,0,,MP006,"WIT0151,WIT0006",low,0
CLM00217,POL00024,CLT00208,281304.28,2024-05-22,2021-05-24,1094,property,2,RS006,,"WIT0017,WIT0145",medium,0
CLM00218,POL00029,CLT00197,51396.13,2024-05-22,2023-07-14,313,health,5,,MP011,"WIT0174,WIT0120,WIT0126",low,0
CLM00219,POL00135,CLT00095,326634.6,2024-05-22,2023-10-24,211,auto,2,RS007,,"WIT0123,WIT0090,WIT0151",medium,0
CLM00220,POL00271,CLT00240,477697.04,2024-05-22,2021-07-21,1036,health,4,,MP010,"WIT0169,WIT0105",high,0
CLM00221,POL00039,CLT00056,256609.67,2024-05-22,2023-12-06,168,property,1,,,"WIT0009,WIT0008,WIT0020",medium,0
CLM00222,POL00137,CLT00373,216769.76,2024-05-22,2024-04-24,28,auto,4,RS019,,"WIT0142,WIT0044",medium,0
CLM00223,POL00212,CLT00339,18403.45,2024-05-22,2023-02-14,463,health,4,,MP015,,low,0
CLM00224,POL00061,CLT00048,479907.37,2024-05-22,2023-03-10,439,property,3,RS001,,"WIT0151,WIT0130,WIT0098",high,1
CLM00225,POL00217,CLT00315,51949.84,2024-05-22,2022-07-13,679,health,4,,MP015,WIT0005,low,0
CLM00226,POL00092,CLT00047,21019.01,2024-05-22,2021-10-04,961,auto,3,RS003,,,low,0
CLM00227,POL00243,CLT00289,123410.27,2024-05-22,2021-08-04,1022,auto,2,RS014,,"WIT0068,WIT0141,WIT0141",low,0
CLM00228,POL00174,CLT00036,33232.45,2024-05-22,2023-07-10,317,health,4,,MP006,WIT0041,low,0
CLM00229,POL00165,CLT00196,227831.36,2024-05-22,2021-06-13,1074,health,5,,MP010,"WIT0019,WIT0099",medium,0
CLM00230,POL00054,CLT00264,258285.86,2024-05-22,2022-06-29,693,property,5,,,"WIT0143,WIT0153,WIT0017",medium,0
CLM00231,POL00139,CLT00292,156628.69,2024-05-22,2024-03-07,76,health,1,,MP013,,low,1
CLM00232,POL00257,CLT00168,25954.76,2024-05-22,2021-07-29,1028,property,4,RS009,,WIT0059,low,1
CLM00233,POL00006,CLT00369,56244.38,2024-05-22,2023-12-23,151,auto,0,,,,low,1
CLM00234,POL00228,CLT00310,192559.94,2024-05-22,2022-08-16,645,health,3,,MP005,"WIT0033,WIT0142,WIT0118",medium,0
CLM00235,POL00148,CLT00084,30733.96,2024-05-22,2022-01-07,866,auto,3,RS006,,"WIT0043,WIT0062",low,0
CLM00236,POL00216,CLT00269,349245.77,2024-05-22,2023-08-23,273,health,2,,MP006,"WIT0060,WIT0139",high,0
CLM00237,POL00199,CLT00293,103906.76,2024-05-22,2023-07-31,296,auto,5,RS014,,,low,0
CLM00238,POL00130,CLT00134,151384.75,2024-05-22,2022-12-18,521,health,5,,MP011,,low,0
CLM00239,POL00093,CLT00296,197365.83,2024-05-22,2021-09-26,969,health,0,,MP013,"WIT0124,WIT0009",medium,0
CLM00240,POL00189,CLT00360,208596.51,2024-05-22,2023-09-20,245,auto,1,RS006,,"WIT0001,WIT0192,WIT0146",medium,0
CLM00241,POL00043,CLT00327,1329.52,2024-05-22,2022-05-26,727,auto,1,RS008,,"WIT0190,WIT0063,WIT0152",low,0
CLM00242,POL00176,CLT00306,56479.15,2024-05-22,2023-01-12,496,health,5,,MP015,,low,0
CLM00243,POL00029,CLT00254,431450.9,2024-05-22,2024-01-21,122,property,3,RS009,,WIT0049,high,0
CLM00244,POL00195,CLT00109,1115.91,2024-05-22,2022-04-04,779,auto,4,RS007,,WIT0175,low,0
CLM00245,POL00189,CLT00319,254329.59,2024-05-22,2021-11-22,912,health,4,,MP015,WIT0019,medium,0
CLM00246,POL00026,CLT00146,245006.25,2024-05-22,2022-08-31,630,auto,4,RS012,,WIT0158,medium,0
CLM00247,POL00228,CLT00213,166880.53,2024-05-22,2023-11-11,193,property,0,,,"WIT0113,WIT0087",medium,0
CLM00248,POL00125,CLT00126,215947.85,2024-05-22,2023-12-04,170,health,0,,MP014,WIT0120,medium,0
CLM00249,POL00237,CLT00126,390400.28,2024-05-22,2023-02-13,464,property,2,,,"WIT0180,WIT0124",high,1
CLM00250,POL00013,CLT00064,420681.25,2024-05-22,2022-11-14,555,auto,2,RS015,,"WIT0166,WIT0016,WIT0079",high,0
CLM00251,POL00054,CLT00385,130544.1,2024-05-22,2022-09-25,605,auto,4,RS020,,WIT0001,low,0
CLM00252,POL00149,CLT00060,161583.98,2024-05-22,2023-08-29,267,health,0,,MP015,,medium,1
CLM00253,POL00057,CLT00035,121620.19,2024-05-22,2022-11-21,548,health,2,,MP005,"WIT0071,WIT0030,WIT0058",low,0
CLM00254,POL00099,CLT00375,240191.77,2024-05-22,2023-07-04,323,property,1,RS001,,WIT0035,medium,0
CLM00255,POL00199,CLT00223,341787.55,2024-05-22,2022-05-01,752,property,1,RS007,,,high,0
CLM00256,POL00044,CLT00176,114512.31,2024-05-22,2022-01-01,872,property,1,,,"WIT0165,WIT0100,WIT0124",low,0
CLM00257,POL00204,CLT00295,165702.5,2024-05-22,2022-06-07,715,health,1,,MP009,"WIT0169,WIT0007,WIT0191",medium,1
CLM00258,POL00032,CLT00154,465227.12,2024-05-22,2024-05-21,1,health,3,,MP002,,high,0
CLM00259,POL00053,CLT00052,24760.36,2024-05-22,2021-05-31,1087,health,2,,MP009,,low,0
CLM00260,POL00177,CLT00292,230654.42,2024-05-22,2024-04-26,26,auto,2,RS005,,WIT0150,medium,0
CLM00261,POL00239,CLT00071,355923.24,2024-05-22,2021-05-23,1095,health,2,,MP008,,high,0
CLM00262,POL00052,CLT00222,75651.78,2024-05-22,2024-04-18,34,health,4,,MP009,WIT0053,low,0
CLM00263,POL00090,CLT00380,24163.32,2024-05-22,2022-11-03,566,auto,5,RS016,,WIT0198,low,0
CLM00264,POL00278,CLT00375,69533.58,2024-05-22,2024-01-27,116,auto,3,RS011,,WIT0042,low,0
CLM00265,POL00297,CLT00145,459452.19,2024-05-22,2024-02-08,104,health,3,,MP007,,high,1
CLM00266,POL00175,CLT00313,5125.26,2024-05-22,2022-05-04,749,health,4,,MP011,,low,0
CLM00267,POL00135,CLT00246,94566.83,2024-05-22,2022-03-17,797,property,4,,,,low,0
CLM00268,POL00105,CLT00192,16126.11,2024-05-22,2024-01-14,129,health,0,,MP013,"WIT0085,WIT0100",low,0
CLM00269,POL00184,CLT00056,55759.42,2024-05-22,2021-06-17,1070,property,5,RS007,,"WIT0117,WIT0032,WIT0076",low,0
CLM00270,POL00178,CLT00151,310264.57,2024-05-22,2023-06-06,351,health,0,,MP007,WIT0166,medium,0
CLM00271,POL00089,CLT00261,121198.63,2024-05-22,2023-06-09,348,auto,2,RS009,,WIT0028,low,0
CLM00272,POL00007,CLT00395,284821.42,2024-05-22,2023-07-02,325,auto,3,RS014,,"WIT0086,WIT0020",medium,0
CLM00273,POL00046,CLT00002,295302.59,2024-05-22,2023-01-03,505,property,2,RS003,,"WIT0043,WIT0174",medium,0
CLM00274,POL00288,CLT00288,424792.95,2024-05-22,2023-11-10,194,health,1,,MP007,"WIT0074,WIT0112,WIT0114",high,1
CLM00275,POL00126,CLT00339,2868.33,2024-05-22,2023-02-12,465,auto,5,RS005,,"WIT0014,WIT0065",low,0
CLM00276,POL00145,CLT00381,426758.04,2024-05-22,2023-10-05,230,health,0,,MP008,,high,0
CLM00277,POL00141,CLT00170,309749.98,2024-05-22,2024-03-27,56,property,1,,,"WIT0014,WIT0104",medium,1
CLM00278,POL00235,CLT00048,81790.37,2024-05-22,2023-04-14,404,health,5,,MP015,"WIT0190,WIT0058",low,1
CLM00279,POL00020,CLT00109,386582.23,2024-05-22,2022-05-17,736,auto,4,RS012,,,high,0
CLM00280,POL00025,CLT00341,427818.03,2024-05-22,2022-02-06,836,auto,0,RS002,,"WIT0001,WIT0014",high,0
CLM00281,POL00083,CLT00352,127504.61,2024-05-22,2023-05-01,387,property,4,RS005,,"WIT0173,WIT0142,WIT0168",low,1
CLM00282,POL00146,CLT00255,459437.44,2024-05-22,2023-06-03,354,property,5,RS003,,,high,0
CLM00283,POL00202,CLT00050,227501.49,2024-05-22,2022-01-10,863,property,0,,,,medium,0
CLM00284,POL00148,CLT00049,301910.51,2024-05-22,2022-05-07,746,property,2,,,WIT0005,medium,0
CLM00285,POL00133,CLT00192,492332.44,2024-05-22,2021-11-22,912,auto,2,RS014,,"WIT0012,WIT0109,WIT0171",high,0
CLM00286,POL00282,CLT00236,181087.27,2024-05-22,2021-09-02,993,auto,0,RS005,,"WIT0047,WIT0095",medium,0
CLM00287,POL00049,CLT00013,406673.09,2024-05-22,2021-12-04,900,auto,1,RS001,,"WIT0154,WIT0086",high,0
CLM00288,POL00172,CLT00275,159540.36,2024-05-22,2021-07-31,1026,auto,1,,,WIT0160,low,0
CLM00289,POL00163,CLT00218,399707.15,2024-05-22,2023-02-21,456,property,1,RS007,,"WIT0098,WIT0006,WIT0101",high,0
CLM00290,POL00143,CLT00005,300566.59,2024-05-22,2023-03-17,432,property,2,RS003,,"WIT0198,WIT0081,WIT0031",medium,1
CLM00291,POL00243,CLT00039,108569.67,2024-05-22,2023-06-05,352,auto,2,RS005,,"WIT0167,WIT0190",low,0
CLM00292,POL00081,CLT00182,207306.03,2024-05-22,2023-09-08,257,property,1,RS006,,,medium,0
CLM00293,POL00287,CLT00290,159159.0,2024-05-22,2022-02-22,820,health,1,,MP010,WIT0096,low,0
CLM00294,POL00100,CLT00331,39515.14,2024-05-22,2022-03-31,783,auto,1,,,,low,1
CLM00295,POL00164,CLT00173,15402.47,2024-05-22,2021-12-26,878,property,4,RS006,,"WIT0023,WIT0134,WIT0184",low,0
CLM00296,POL00157,CLT00119,173566.09,2024-05-22,2023-11-21,183,property,1,,,"WIT0153,WIT0053",medium,0
CLM00297,POL00255,CLT00388,10007.56,2024-05-22,2022-12-01,538,health,5,,MP001,"WIT0084,WIT0013,WIT0074",low,0
CLM00298,POL00132,CLT00184,83161.13,2024-05-22,2023-09-22,243,property,3,RS001,,WIT0105,low,0
CLM00299,POL00086,CLT00127,362729.07,2024-05-22,2021-09-17,978,health,4,,MP001,WIT0093,high,1
CLM00300,POL00007,CLT00177,354191.57,2024-05-22,2023-08-03,293,property,3,,,WIT0066,high,0
CLM00301,POL00110,CLT00005,369420.9,2024-05-22,2023-12-17,157,health,1,,MP009,"WIT0062,WIT0154",high,0
CLM00302,POL00248,CLT00121,158918.01,2024-05-22,2022-09-06,624,property,3,,,WIT0173,low,0
CLM00303,POL00003,CLT00207,445064.72,2024-05-22,2021-10-02,963,auto,1,RS001,,WIT0009,high,0
CLM00304,POL00269,CLT00368,297118.36,2024-05-22,2021-08-23,1003,auto,0,RS001,,,medium,0
CLM00305,POL00163,CLT00296,63450.16,2024-05-22,2024-02-07,105,property,1,,,"WIT0175,WIT0043,WIT0121",low,0
CLM00306,POL00043,CLT00313,72287.47,2024-05-22,2023-05-31,357,auto,1,RS003,,"WIT0027,WIT0091",low,0
CLM00307,POL00091,CLT00218,346701.17,2024-05-22,2023-12-06,168,auto,0,RS004,,"WIT0194,WIT0170",high,1
CLM00308,POL00167,CLT00045,86885.5,2024-05-22,2023-06-20,337,property,0,,,,low,0
CLM00309,POL00095,CLT00157,253892.7,2024-05-22,2022-10-15,585,auto,5,RS016,,,medium,0
CLM00310,POL00033,CLT00399,495891.35,2024-05-22,2023-07-20,307,health,3,,MP004,WIT0031,high,0
CLM00311,POL00200,CLT00018,2501.8,2024-05-22,2024-03-09,74,auto,2,RS012,,"WIT0002,WIT0023",low,0
CLM00312,POL00202,CLT00352,8781.61,2024-05-22,2022-11-11,558,auto,5,RS017,,,low,0
CLM00313,POL00036,CLT00274,496545.75,2024-05-22,2024-03-26,57,property,1,RS009,,WIT0153,high,0
CLM00314,POL00085,CLT00114,292527.1,2024-05-22,2023-09-17,248,auto,2,RS010,,,medium,0
CLM00315,POL00074,CLT00312,63891.53,2024-05-22,2024-05-22,0,auto,5,RS002,,"WIT0054,WIT0009,WIT0068",low,1
CLM00316,POL00198,CLT00335,448702.45,2024-05-22,2024-02-17,95,property,3,RS010,,"WIT0022,WIT0015",high,0
CLM00317,POL00220,CLT00018,440249.96,2024-05-22,2023-01-30,478,property,2,,,"WIT0119,WIT0069,WIT0152",high,0
CLM00318,POL00219,CLT00043,268332.11,2024-05-22,2021-11-02,932,auto,1,RS016,,"WIT0072,WIT0113,WIT0003",medium,0
CLM00319,POL00282,CLT00267,311085.12,2024-05-22,2022-01-25,848,property,0,,,WIT0120,medium,1
CLM00320,POL00231,CLT00400,136957.0,2024-05-22,2024-02-04,108,health,0,,MP002,,low,0
CLM00321,POL00097,CLT00010,25734.59,2024-05-22,2024-04-14,38,property,0,RS001,,"WIT0195,WIT0052,WIT0080",low,0
CLM00322,POL00033,CLT00267,297486.52,2024-05-22,2023-05-18,370,auto,4,RS014,,,medium,0
CLM00323,POL00185,CLT00055,147730.22,2024-05-22,2022-06-08,714,property,3,RS004,,"WIT0025,WIT0079",low,1
CLM00324,POL00275,CLT00261,331978.71,2024-05-22,2022-02-24,818,health,2,,MP009,"WIT0123,WIT0120",medium,0
CLM00325,POL00293,CLT00250,418204.47,2024-05-22,2021-12-02,902,property,4,,,,high,0
CLM00326,POL00070,CLT00037,9571.19,2024-05-22,2023-05-13,375,health,0,,MP006,"WIT0139,WIT0151,WIT0094",low,0
CLM00327,POL00071,CLT00273,298059.03,2024-05-22,2023-11-20,184,property,1,,,"WIT0078,WIT0162,WIT0041",medium,0
CLM00328,POL00012,CLT00359,116024.63,2024-05-22,2024-04-24,28,health,2,,MP011,,low,0
CLM00329,POL00043,CLT00346,437007.3,2024-05-22,2023-12-14,160,auto,5,RS004,,"WIT0112,WIT0150",high,0
CLM00330,POL00167,CLT00012,127205.42,2024-05-22,2024-03-12,71,property,3,,,WIT0175,low,0
CLM00331,POL00165,CLT00099,305579.68,2024-05-22,2021-10-22,943,property,5,RS005,,WIT0107,medium,0
CLM00332,POL00112,CLT00097,276993.65,2024-05-22,2023-08-02,294,auto,1,,,"WIT0108,WIT0137,WIT0182",medium,0
CLM00333,POL00093,CLT00182,198385.17,2024-05-22,2021-12-02,902,health,5,,MP010,"WIT0100,WIT0084,WIT0040",medium,1
CLM00334,POL00249,CLT00058,338971.57,2024-05-22,2022-09-24,606,health,0,,MP003,"WIT0184,WIT0098",high,1
CLM00335,POL00139,CLT00342,363021.93,2024-05-22,2022-10-10,590,health,1,,MP011,WIT0022,high,0
CLM00336,POL00243,CLT00311,283685.43,2024-05-22,2023-01-10,498,property,3,RS004,,WIT0048,medium,0
CLM00337,POL00289,CLT00324,379331.91,2024-05-22,2021-12-07,897,property,0,,,"WIT0106,WIT0028,WIT0014",high,0
CLM00338,POL00096,CLT00080,491716.83,2024-05-22,2024-04-05,47,auto,5,,,"WIT0187,WIT0153,WIT0025",high,0
CLM00339,POL00061,CLT00006,209926.56,2024-05-22,2024-02-11,101,property,5,,,,medium,1
CLM00340,POL00286,CLT00365,257534.23,2024-05-22,2023-02-13,464,health,3,,MP014,,medium,0
CLM00341,POL00191,CLT00116,6728.7,2024-05-22,2023-03-17,432,property,1,RS010,,"WIT0154,WIT0168,WIT0020",low,0
CLM00342,POL00088,CLT00263,398116.26,2024-05-22,2022-10-03,597,property,0,,,,high,0
CLM00343,POL00187,CLT00364,260354.92,2024-05-22,2022-03-06,808,health,3,,MP005,"WIT0186,WIT0146,WIT0022",medium,1
CLM00344,POL00155,CLT00015,204276.73,2024-05-22,2022-08-18,643,health,3,,MP014,,medium,0
CLM00345,POL00272,CLT00003,47488.95,2024-05-22,2023-08-14,282,health,4,,MP008,,low,0
CLM00346,POL00077,CLT00003,444883.38,2024-05-22,2023-05-30,358,property,3,,,"WIT0170,WIT0127",high,0
CLM00347,POL00298,CLT00063,197806.12,2024-05-22,2022-02-18,824,health,0,,MP006,WIT0152,medium,0
CLM00348,POL00281,CLT00021,341449.51,2024-05-22,2023-10-15,220,auto,0,RS019,,,high,0
CLM00349,POL00055,CLT00328,75112.39,2024-05-22,2022-11-17,552,health,4,,MP004,"WIT0179,WIT0144,WIT0176",low,0
CLM00350,POL00050,CLT00243,480794.04,2024-05-22,2022-10-10,590,auto,0,RS019,,"WIT0094,WIT0065",high,0
CLM00351,POL00160,CLT00393,89631.66,2024-05-22,2022-02-20,822,health,5,,MP001,"WIT0140,WIT0039,WIT0192",low,0
CLM00352,POL00014,CLT00321,100171.23,2024-05-22,2022-04-01,782,auto,0,RS003,,,low,0
CLM00353,POL00090,CLT00386,429561.94,2024-05-22,2022-12-30,509,auto,4,RS009,,"WIT0039,WIT0133",high,0
CLM00354,POL00131,CLT00096,456335.08,2024-05-22,2023-06-19,338,property,5,RS010,,WIT0088,high,0
CLM00355,POL00291,CLT00116,106467.63,2024-05-22,2023-04-15,403,auto,2,RS018,,"WIT0152,WIT0077",low,0
CLM00356,POL00298,CLT00340,235165.54,2024-05-22,2023-02-26,451,health,0,,MP006,"WIT0100,WIT0033,WIT0002",medium,0
CLM00357,POL00046,CLT00098,366880.7,2024-05-22,2023-09-25,240,property,5,RS001,,,high,0
CLM00358,POL00268,CLT00023,439243.68,2024-05-22,2022-07-07,685,property,1,RS007,,"WIT0108,WIT0068",high,0
CLM00359,POL00028,CLT00268,189836.82,2024-05-22,2023-10-07,228,health,3,,MP007,WIT0168,medium,0
CLM00360,POL00225,CLT00321,258751.23,2024-05-22,2022-06-12,710,auto,5,RS014,,"WIT0012,WIT0010",medium,0
CLM00361,POL00254,CLT00388,370987.35,2024-05-22,2022-02-19,823,property,4,,,WIT0081,high,0
CLM00362,POL00268,CLT00372,365702.42,2024-05-22,2021-07-03,1054,property,0,RS005,,"WIT0117,WIT0152,WIT0118",high,0
CLM00363,POL00068,CLT00049,391588.58,2024-05-22,2024-01-13,130,health,4,,MP010,WIT0132,high,0
CLM00364,POL00269,CLT00309,285181.94,2024-05-22,2022-02-10,832,auto,0,RS016,,"WIT0145,WIT0038",medium,0
CLM00365,POL00035,CLT00339,52755.24,2024-05-22,2024-02-18,94,auto,4,RS020,,"WIT0058,WIT0159",low,0
CLM00366,POL00156,CLT00280,452034.66,2024-05-22,2023-05-19,369,auto,3,RS014,,"WIT0125,WIT0190,WIT0108",high,0
CLM00367,POL00141,CLT00328,432853.48,2024-05-22,2023-11-11,193,auto,1,,,,high,0
CLM00368,POL00095,CLT00336,399149.67,2024-05-22,2023-11-27,177,property,2,RS005,,"WIT0156,WIT0021",high,0
CLM00369,POL00007,CLT00179,50381.31,2024-05-22,2023-11-12,192,auto,0,RS018,,,low,0
CLM00370,POL00232,CLT00017,102596.48,2024-05-22,2024-04-04,48,auto,5,RS002,,WIT0169,low,0
CLM00371,POL00101,CLT00183,371928.38,2024-05-22,2021-12-02,902,property,1,RS003,,"WIT0196,WIT0175",high,0
CLM00372,POL00199,CLT00081,12058.48,2024-05-22,2024-03-17,66,property,1,,,"WIT0136,WIT0067",low,1
CLM00373,POL00124,CLT00046,489622.7,2024-05-22,2023-03-13,436,auto,3,RS012,,,high,0
CLM00374,POL00113,CLT00050,188883.77,2024-05-22,2022-04-17,766,health,4,,MP010,WIT0119,medium,0
CLM00375,POL00266,CLT00279,359796.61,2024-05-22,2021-06-02,1085,health,3,,MP010,,high,1
CLM00376,POL00029,CLT00202,443841.76,2024-05-22,2021-10-30,935,health,3,,MP011,,high,0
CLM00377,POL00221,CLT00216,197617.63,2024-05-22,2023-12-24,150,property,3,RS005,,,medium,0
CLM00378,POL00225,CLT00299,159906.68,2024-05-22,2021-06-05,1082,property,5,RS004,,"WIT0180,WIT0166",medium,0
CLM00379,POL00114,CLT00220,304566.19,2024-05-22,2022-06-06,716,property,2,RS001,,WIT0119,medium,0
CLM00380,POL00079,CLT00253,290704.19,2024-05-22,2023-11-08,196,auto,4,,,"WIT0119,WIT0060,WIT0068",medium,0
CLM00381,POL00002,CLT00035,204865.42,2024-05-22,2023-01-17,491,auto,4,RS006,,"WIT0090,WIT0168",medium,0
CLM00382,POL00282,CLT00341,301086.49,2024-05-22,2021-08-21,1005,health,5,,MP009,"WIT0008,WIT0145,WIT0074",medium,0
CLM00383,POL00285,CLT00180,467722.99,2024-05-22,2023-03-19,430,auto,5,RS012,,"WIT0053,WIT0074",high,1
CLM00384,POL00073,CLT00063,234086.31,2024-05-22,2023-11-03,201,health,4,,MP003,WIT0011,medium,0
CLM00385,POL00010,CLT00326,98772.72,2024-05-22,2021-10-06,959,auto,1,RS011,,"WIT0029,WIT0076,WIT0039",low,0
CLM00386,POL00037,CLT00294,188914.39,2024-05-22,2021-07-13,1044,property,4,RS002,,,medium,0
CLM00387,POL00021,CLT00022,197356.44,2024-05-22,2021-06-18,1069,auto,4,RS005,,WIT0184,medium,0
CLM00388,POL00250,CLT00078,65988.79,2024-05-22,2021-07-10,1047,auto,1,RS004,,"WIT0077,WIT0102,WIT0198",low,0
CLM00389,POL00268,CLT00007,81854.31,2024-05-22,2021-10-09,956,auto,4,,,,low,0
CLM00390,POL00046,CLT00109,342438.76,2024-05-22,2023-01-10,498,auto,1,RS015,,"WIT0022,WIT0046,WIT0068",high,0
CLM00391,POL00225,CLT00040,170069.14,2024-05-22,2023-10-25,210,health,3,,MP014,,medium,0
CLM00392,POL00054,CLT00284,477471.75,2024-05-22,2022-07-16,676,health,4,,MP007,"WIT0172,WIT0077,WIT0168",high,0
CLM00393,POL00111,CLT00210,122176.57,2024-05-22,2023-09-24,241,property,1,RS005,,"WIT0161,WIT0161,WIT0115",low,0
CLM00394,POL00180,CLT00393,49912.79,2024-05-22,2022-12-21,518,auto,2,RS016,,,low,0
CLM00395,POL00216,CLT00300,376875.53,2024-05-22,2022-06-03,719,health,4,,MP014,"WIT0122,WIT0181,WIT0192",high,0
CLM00396,POL00263,CLT00245,440577.51,2024-05-22,2021-07-20,1037,health,2,,MP008,,high,0
CLM00397,POL00014,CLT00204,139417.62,2024-05-22,2023-07-11,316,health,5,,MP001,WIT0039,low,0
CLM00398,POL00059,CLT00022,101443.01,2024-05-22,2023-08-20,276,property,0,RS007,,,low,0
CLM00399,POL00085,CLT00029,93290.18,2024-05-22,2022-03-09,805,auto,4,,,"WIT0185,WIT0187,WIT0177",low,0
CLM00400,POL00094,CLT00247,261245.14,2024-05-22,2024-05-15,7,health,4,,MP008,"WIT0105,WIT0199",medium,0
CLM00401,POL00300,CLT00002,234474.11,2024-05-22,2022-09-10,620,property,5,,,"WIT0129,WIT0043",medium,0
CLM00402,POL00234,CLT00017,130090.2,2024-05-22,2022-02-25,817,property,0,,,"WIT0164,WIT0136",low,0
CLM00403,POL00097,CLT00088,23063.97,2024-05-22,2022-09-27,603,health,5,,MP001,WIT0040,low,1
CLM00404,POL00292,CLT00354,241004.92,2024-05-22,2023-03-29,420,health,2,,MP014,,medium,0
CLM00405,POL00150,CLT00184,479686.51,2024-05-22,2021-11-26,908,property,2,,,"WIT0137,WIT0155",high,0
CLM00406,POL00151,CLT00284,326433.34,2024-05-22,2023-04-12,406,health,2,,MP011,"WIT0100,WIT0166,WIT0144",medium,0
CLM00407,POL00131,CLT00165,248005.53,2024-05-22,2022-04-05,778,property,3,,,WIT0170,medium,1
CLM00408,POL00044,CLT00070,55790.69,2024-05-22,2022-12-31,508,auto,3,RS005,,,low,1
CLM00409,POL00281,CLT00149,126591.93,2024-05-22,2024-04-23,29,health,2,,MP014,"WIT0189,WIT0132",low,0
CLM00410,POL00005,CLT00037,147739.59,2024-05-22,2022-10-19,581,auto,0,RS006,,"WIT0012,WIT0107,WIT0157",low,0
CLM00411,POL00053,CLT00309,382519.37,2024-05-22,2024-03-29,54,auto,5,,,"WIT0177,WIT0093",high,1
CLM00412,POL00069,CLT00074,438417.04,2024-05-22,2021-08-06,1020,health,1,,MP003,"WIT0084,WIT0175",high,1
CLM00413,POL00084,CLT00151,450870.11,2024-05-22,2022-08-02,659,auto,0,RS014,,,high,0
CLM00414,POL00040,CLT00393,492292.02,2024-05-22,2023-04-11,407,health,3,,MP012,WIT0020,high,1
CLM00415,POL00006,CLT00237,491192.16,2024-05-22,2022-12-07,532,health,2,,MP002,"WIT0047,WIT0064",high,0
CLM00416,POL00204,CLT00184,476523.07,2024-05-22,2022-07-14,678,health,3,,MP002,"WIT0073,WIT0030,WIT0005",high,0
CLM00417,POL00291,CLT00218,36375.16,2024-05-22,2023-08-11,285,property,5,,,,low,0
CLM00418,POL00037,CLT00314,69327.87,2024-05-22,2023-07-11,316,property,0,RS002,,"WIT0110,WIT0199,WIT0044",low,0
CLM00419,POL00089,CLT00102,152581.03,2024-05-22,2023-02-19,458,health,1,,MP010,WIT0033,low,0
CLM00420,POL00152,CLT00255,276672.68,2024-05-22,2023-08-13,283,auto,3,,,WIT0113,medium,0
CLM00421,POL00279,CLT00350,48940.46,2024-05-22,2022-02-12,830,property,4,,,"WIT0074,WIT0155,WIT0126",low,0
CLM00422,POL00209,CLT00229,422975.58,2024-05-22,2024-01-30,113,auto,3,RS013,,WIT0183,high,0
CLM00423,POL00230,CLT00179,308569.71,2024-05-22,2021-11-29,905,health,2,,MP007,WIT0031,medium,0
CLM00424,POL00175,CLT00059,271411.02,2024-05-22,2023-05-07,381,health,3,,MP010,"WIT0183,WIT0010,WIT0181",medium,0
CLM00425,POL00126,CLT00100,83073.01,2024-05-22,2022-09-15,615,auto,5,RS015,,"WIT0166,WIT0051,WIT0127",low,0
CLM00426,POL00060,CLT00379,127001.11,2024-05-22,2023-12-02,172,health,2,,MP008,"WIT0125,WIT0124",low,0
CLM00427,POL00260,CLT00217,80575.86,2024-05-22,2023-03-27,422,auto,5,RS004,,"WIT0103,WIT0139",low,0
CLM00428,POL00242,CLT00121,426040.61,2024-05-22,2022-02-15,827,auto,4,RS017,,"WIT0004,WIT0008",high,0
CLM00429,POL00008,CLT00168,292321.82,2024-05-22,2023-07-31,296,health,1,,MP012,"WIT0182,WIT0118,WIT0035",medium,1
CLM00430,POL00215,CLT00232,367697.15,2024-05-22,2023-12-30,144,auto,1,RS018,,"WIT0029,WIT0076,WIT0066",high,0
CLM00431,POL00026,CLT00216,148368.42,2024-05-22,2022-10-28,572,property,4,RS002,,,low,0
CLM00432,POL00222,CLT00280,185940.69,2024-05-22,2023-11-26,178,auto,1,RS018,,"WIT0102,WIT0064,WIT0102",medium,0
CLM00433,POL00248,CLT00103,202725.05,2024-05-22,2023-06-13,344,health,2,,MP011,,medium,0
CLM00434,POL00040,CLT00260,380127.48,2024-05-22,2023-01-15,493,property,1,RS004,,WIT0104,high,0
CLM00435,POL00131,CLT00178,386290.32,2024-05-22,2022-09-12,618,auto,3,,,WIT0167,high,0
CLM00436,POL00038,CLT00377,103803.36,2024-05-22,2022-06-22,700,property,1,,,,low,0
CLM00437,POL00171,CLT00064,470798.66,2024-05-22,2022-05-12,741,property,3,RS010,,,high,0
CLM00438,POL00279,CLT00060,60767.34,2024-05-22,2021-11-09,925,property,5,,,"WIT0178,WIT0076",low,0
CLM00439,POL00025,CLT00185,448112.98,2024-05-22,2024-03-11,72,auto,4,RS013,,,high,0
CLM00440,POL00120,CLT00204,50647.63,2024-05-22,2023-04-21,397,property,5,,,"WIT0089,WIT0035,WIT0124",low,0
CLM00441,POL00292,CLT00277,132637.64,2024-05-22,2024-05-21,1,property,0,RS007,,WIT0188,low,0
CLM00442,POL00091,CLT00162,423316.03,2024-05-22,2024-05-12,10,property,2,,,WIT0111,high,0
CLM00443,POL00040,CLT00366,90156.29,2024-05-22,2023-10-03,232,auto,1,,,"WIT0049,WIT0100",low,0
CLM00444,POL00147,CLT00190,207077.18,2024-05-22,2022-08-06,655,property,5,RS003,,,medium,1
CLM00445,POL00153,CLT00052,225204.72,2024-05-22,2021-09-15,980,auto,4,RS019,,"WIT0152,WIT0191",medium,0
CLM00446,POL00199,CLT00048,123006.86,2024-05-22,2022-01-26,847,health,1,,MP001,WIT0058,low,0
CLM00447,POL00095,CLT00390,355267.48,2024-05-22,2022-06-14,708,health,3,,MP006,"WIT0139,WIT0199",high,0
CLM00448,POL00287,CLT00054,425741.66,2024-05-22,2022-01-21,852,health,3,,MP015,,high,0
CLM00449,POL00157,CLT00380,437350.28,2024-05-22,2023-11-16,188,health,2,,MP003,,high,0
CLM00450,POL00086,CLT00112,169991.41,2024-05-22,2021-11-14,920,auto,2,RS010,,WIT0052,medium,0
CLM00451,POL00289,CLT00038,265659.77,2024-05-22,2021-09-20,975,health,0,,MP004,WIT0175,medium,0
CLM00452,POL00278,CLT00122,124579.0,2024-05-22,2024-02-08,104,property,2,,,,low,0
CLM00453,POL00150,CLT00246,122775.85,2024-05-22,2022-12-24,515,health,2,,MP007,"WIT0124,WIT0124,WIT0136",low,0
CLM00454,POL00008,CLT00172,81046.4,2024-05-22,2021-11-25,909,auto,4,RS015,,,low,0
CLM00455,POL00180,CLT00315,470039.5,2024-05-22,2022-12-18,521,property,5,,,"WIT0050,WIT0104",high,0
CLM00456,POL00167,CLT00245,444050.42,2024-05-22,2021-11-13,921,auto,4,RS014,,"WIT0121,WIT0065",high,0
CLM00457,POL00045,CLT00161,388790.68,2024-05-22,2021-08-01,1025,health,0,,MP012,WIT0096,high,0
CLM00458,POL00191,CLT00254,259071.93,2024-05-22,2022-12-19,520,health,5,,MP002,,medium,0
CLM00459,POL00253,CLT00389,245558.65,2024-05-22,2024-03-18,65,health,2,,MP004,"WIT0020,WIT0092",medium,0
CLM00460,POL00032,CLT00165,265107.96,2024-05-22,2023-05-16,372,property,2,,,"WIT0017,WIT0200",medium,1
CLM00461,POL00217,CLT00062,268515.72,2024-05-22,2023-09-30,235,health,5,,MP013,WIT0004,medium,0
CLM00462,POL00043,CLT00164,217564.26,2024-05-22,2022-12-20,519,property,5,,,"WIT0112,WIT0129",medium,0
CLM00463,POL00225,CLT00337,66311.54,2024-05-22,2022-08-19,642,auto,0,RS010,,"WIT0096,WIT0166,WIT0075",low,0
CLM00464,POL00126,CLT00088,63269.09,2024-05-22,2022-12-31,508,property,2,RS004,,"WIT0032,WIT0124",low,0
CLM00465,POL00002,CLT00380,476148.73,2024-05-22,2023-10-21,214,health,4,,MP013,WIT0140,high,0
CLM00466,POL00290,CLT00236,241274.36,2024-05-22,2023-06-27,330,auto,3,RS020,,"WIT0172,WIT0186,WIT0025",medium,0
CLM00467,POL00050,CLT00241,476626.16,2024-05-22,2022-05-09,744,auto,1,RS007,,,high,0
CLM00468,POL00179,CLT00127,82206.65,2024-05-22,2024-04-23,29,property,3,,,"WIT0077,WIT0006,WIT0058",low,0
CLM00469,POL00055,CLT00369,277431.07,2024-05-22,2023-10-01,234,health,5,,MP010,"WIT0071,WIT0016,WIT0145",medium,0
CLM00470,POL00280,CLT00015,104254.77,2024-05-22,2021-09-17,978,health,1,,MP008,,low,0
CLM00471,POL00222,CLT00120,126965.71,2024-05-22,2024-02-04,108,auto,4,,,WIT0001,low,0
CLM00472,POL00242,CLT00168,15512.26,2024-05-22,2023-02-23,454,health,4,,MP002,"WIT0090,WIT0174",low,0
CLM00473,POL00130,CLT00191,59917.18,2024-05-22,2023-10-09,226,property,5,RS006,,WIT0041,low,0
CLM00474,POL00141,CLT00190,458465.78,2024-05-22,2024-01-29,114,auto,1,RS003,,,high,1
CLM00475,POL00191,CLT00060,161105.73,2024-05-22,2023-02-14,463,health,1,,MP011,,medium,1
CLM00476,POL00236,CLT00091,304260.54,2024-05-22,2022-10-29,571,health,3,,MP010,WIT0018,medium,0
CLM00477,POL00255,CLT00039,232774.56,2024-05-22,2023-11-11,193,property,3,,,WIT0171,medium,0
CLM00478,POL00006,CLT00229,200525.4,2024-05-22,2024-02-27,85,auto,2,RS014,,"WIT0128,WIT0179,WIT0157",medium,0
CLM00479,POL00200,CLT00141,266177.1,2024-05-22,2023-12-27,147,health,4,,MP003,"WIT0173,WIT0025",medium,0
CLM00480,POL00033,CLT00227,94025.85,2024-05-22,2022-06-08,714,property,4,RS010,,"WIT0060,WIT0147,WIT0183",low,0
CLM00481,POL00087,CLT00236,494307.65,2024-05-22,2021-10-23,942,auto,1,RS003,,WIT0018,high,0
CLM00482,POL00249,CLT00281,409244.78,2024-05-22,2023-11-07,197,property,4,,,WIT0082,high,1
CLM00483,POL00076,CLT00219,370936.51,2024-05-22,2023-06-06,351,property,1,,,"WIT0189,WIT0114,WIT0191",high,0
CLM00484,POL00240,CLT00260,234645.27,2024-05-22,2023-05-12,376,property,2,,,WIT0083,medium,0
CLM00485,POL00139,CLT00235,76862.12,2024-05-22,2023-04-23,395,health,0,,MP006,"WIT0134,WIT0105,WIT0092",low,0
CLM00486,POL00070,CLT00261,460372.6,2024-05-22,2023-08-29,267,property,2,RS007,,"WIT0151,WIT0099",high,1
CLM00487,POL00101,CLT00247,171022.84,2024-05-22,2024-03-23,60,property,5,RS002,,,medium,1
CLM00488,POL00160,CLT00127,25528.29,2024-05-22,2022-10-25,575,property,2,RS009,,,low,0
CLM00489,POL00230,CLT00099,171530.64,2024-05-22,2023-04-27,391,health,4,,MP008,,medium,0
CLM00490,POL00182,CLT00315,397331.29,2024-05-22,2023-05-13,375,health,0,,MP012,WIT0123,high,0
CLM00491,POL00280,CLT00138,311543.02,2024-05-22,2023-08-06,290,health,3,,MP012,"WIT0047,WIT0158,WIT0134",medium,0
CLM00492,POL00261,CLT00220,375543.87,2024-05-22,2021-08-08,1018,auto,2,RS004,,,high,0
CLM00493,POL00227,CLT00079,396920.87,2024-05-22,2022-07-23,669,property,4,RS006,,WIT0061,high,0
CLM00494,POL00181,CLT00173,106371.33,2024-05-22,2023-02-19,458,property,5,,,"WIT0185,WIT0164,WIT0106",low,0
CLM00495,POL00087,CLT00212,461929.77,2024-05-22,2023-10-10,225,health,3,,MP006,WIT0063,high,0
CLM00496,POL00124,CLT00251,219275.81,2024-05-22,2021-12-26,878,auto,0,RS001,,"WIT0018,WIT0055,WIT0028",medium,0
CLM00497,POL00036,CLT00211,319687.32,2024-05-22,2021-09-22,973,health,2,,MP013,WIT0060,medium,0
CLM00498,POL00113,CLT00145,1653.23,2024-05-22,2024-04-17,35,health,0,,MP011,,low,0
CLM00499,POL00278,CLT00385,496687.56,2024-05-22,2021-08-08,1018,health,2,,MP008,WIT0173,high,0
CLM00500,POL00128,CLT00206,140807.74,2024-05-22,2022-04-17,766,property,0,RS007,,"WIT0165,WIT0183",low,0
